,В, ,С,е,т,и, ,п,о,я,в,и,л,о,с,ь, ,в,и,д,е,о, ,п,р,а,з,д,н,о,в,а,н,и,я, ,и,г,р,о,к,а,м,и, ,Ц,С,К,А, ,К,у,б,к,а, ,Г,а,г,а,р,и,н,а,"
","
",И,г,р,о,к,и, ,м,о,с,к,о,в,с,к,о,г,о, ,Ц,С,К,А, ,о,т,п,р,а,з,д,н,о,в,а,л,и, ,п,о,б,е,д,у, ,в, ,ф,и,н,а,л,е, ,п,л,е,й,-,о,ф,ф, ,К,о,н,т,и,н,е,н,т,а,л,ь,н,о,й, ,х,о,к,к,е,й,н,о,й, ,л,и,г,и, ,(,К,Х,Л,), ,п,р,о,т,и,в, ,о,м,с,к,о,г,о, ,«,А,в,а,н,г,а,р,д,а,»,",", ,п,е,р,е,д,а,е,т, ,«,С,п,о,р,т,-,Э,к,с,п,р,е,с,с,»,.,"
","
",Б,ы,л,о, ,о,п,у,б,л,и,к,о,в,а,н,о, ,в,и,д,е,о, ,т,о,г,о,",", ,к,а,к, ,а,р,м,е,й,ц,ы, ,р,а,д,у,ю,т,с,я, ,з,а,в,о,е,в,а,н,и,ю, ,п,е,р,в,о,г,о, ,в, ,и,с,т,о,р,и,и, ,с,в,о,е,г,о, ,к,л,у,б,а, ,К,у,б,к,а, ,Г,а,г,а,р,и,н,а,., ,Х,о,к,к,е,и,с,т,ы, ,р,а,с,п,л,е,с,к,и,в,а,ю,т, ,ш,а,м,п,а,н,с,к,о,е, ,п,о, ,р,а,з,д,е,в,а,л,к,е, ,и, ,в,е,с,е,л,я,т,с,я,.,"
","
",Ч,е,т,в,е,р,т,ы,й, ,м,а,т,ч, ,ф,и,н,а,л,а, ,з,а,в,е,р,ш,и,л,с,я, ,п,о,б,е,д,о,й, ,Ц,С,К,А, ,в, ,о,в,е,р,т,а,й,м,е, ,с,о, ,с,ч,е,т,о,м, ,3,:,2,., ,С,т,о,л,и,ч,н,а,я, ,к,о,м,а,н,д,а, ,о,д,о,л,е,л,а, ,с,о,п,е,р,н,и,к,а, ,в,о, ,в,с,е,х, ,ч,е,т,ы,р,е,х, ,и,г,р,а,х, ,с,е,р,и,и,.,"
","
",Р,а,н,е,е, ,к,л,у,б, ,Н,а,ц,и,о,н,а,л,ь,н,о,й, ,х,о,к,к,е,й,н,о,й, ,л,и,г,и, ,(,Н,Х,Л,), ,«,М,и,н,н,е,с,о,т,а, ,У,а,й,л,д,», ,п,о,з,д,р,а,в,и,л, ,н,а,п,а,д,а,ю,щ,е,г,о, ,Ц,С,К,А, ,К,и,р,и,л,л,а, ,К,а,п,р,и,з,о,в,а, ,с, ,п,о,б,е,д,о,й,.,"
"
"
",«,О,р,л,а,н,д,о,», ,п,р,о,и,г,р,а,л, ,«,Т,о,р,о,н,т,о,», ,и, ,п,у,с,т,и,л, ,с,о,п,е,р,н,и,к,а, ,в,п,е,р,е,д, ,в, ,с,е,р,и,и,"
",Ч,е,т,в,е,р,т,ы,й, ,м,а,т,ч, ,с,е,р,и,и, ,п,р,о,й,д,е,т, ,2,2, ,а,п,р,е,л,я, ,в, ,О,р,л,а,н,д,о,.,"
",«,О,р,л,а,н,д,о, ,М,э,д,ж,и,к,», ,н,а, ,с,в,о,е,й, ,п,л,о,щ,а,д,к,е, ,п,р,и,н,и,м,а,л, ,«,Т,о,р,о,н,т,о, ,Р,э,п,т,о,р,с,», ,в, ,р,а,м,к,а,х, ,т,р,е,т,ь,е,г,о, ,м,а,т,ч,а, ,ч,е,т,в,е,р,т,ь,ф,и,н,а,л,ь,н,о,й, ,с,т,а,д,и,и, ,п,л,е,й,-,о,ф,ф, ,В,о,с,т,о,ч,н,о,й, ,к,о,н,ф,е,р,е,н,ц,и,и,., ,М,а,т,ч, ,з,а,к,о,н,ч,и,л,с,я, ,п,о,б,е,д,о,й, ,г,о,с,т,е,й, ,с,о, ,с,ч,е,т,о,м, ,9,8,:,9,3,.,"
","
",С,а,м,ы,м, ,р,е,з,у,л,ь,т,а,т,и,в,н,ы,м, ,и,г,р,о,к,о,м, ,м,а,т,ч,а, ,с,т,а,л, ,н,а,п,а,д,а,ю,щ,и,й, ,«,Т,о,р,о,н,т,о,», ,П,а,с,к,а,л,ь, ,С,и,а,к,а,м,",", ,к,о,т,о,р,ы,м, ,н,а,б,р,а,л, ,3,0, ,о,ч,к,о,в, ,и, ,с,д,е,л,а,л, ,1,1, ,п,о,д,б,о,р,о,в,., ,У, ,«,О,р,л,а,н,д,о,», ,б,о,л,ь,ш,е, ,в,с,е,х, ,н,а,б,р,а,л, ,з,а,щ,и,т,н,и,к, ,Т,е,р,р,е,н,с, ,Р,о,с,с, ,–, ,2,4, ,б,а,л,л,а,.,"
","
",«,Т,о,р,о,н,т,о,», ,в,ы,ш,е,л, ,в,п,е,р,е,д, ,в, ,с,е,р,и,и, ,–, ,2,-,1,., ,С,л,е,д,у,ю,щ,а,я, ,и,г,р,а, ,п,р,о,й,д,е,т, ,2,2, ,а,п,р,е,л,я,.,"
","
"
"
","
",Г,л,а,в,н,ы,й, ,т,р,е,н,е,р, ,«,А,н,ж,и,», ,М,а,г,о,м,е,д, ,А,д,и,е,в, ,р,а,с,с,к,а,з,а,л, ,о, ,п,о,д,г,о,т,о,в,к,е, ,к, ,м,а,т,ч,у, ,2,4,-,г,о, ,т,у,р,а, ,Р,П,Л, ,п,р,о,т,и,в, ,«,А,х,м,а,т,а,»,.,"
","
",—, ,П,е,р,е,д, ,и,г,р,а,м,и, ,в,с,е,г,д,а, ,в,о,л,н,и,т,е,л,ь,н,о,",", ,с, ,д,р,у,г,о,й, ,с,т,о,р,о,н,ы, ,—, ,н,а,с,т,р,о,е,н,и,е, ,н,е, ,м,о,ж,е,т, ,б,ы,т,ь, ,п,л,о,х,и,м,., ,В, ,н,а,ш,е,й, ,с,и,т,у,а,ц,и,и, ,и,г,р,а, ,—, ,е,д,и,н,с,т,в,е,н,н,ы,й, ,б,о,л,ь,ш,о,й, ,п,л,ю,с,",", ,п,о,э,т,о,м,у, ,к, ,л,ю,б,о,м,у, ,м,а,т,ч,у, ,м,ы, ,г,о,т,о,в,и,м,с,я, ,с, ,х,о,р,о,ш,и,м, ,н,а,с,т,р,о,е,н,и,е,м,",", ,—, ,с,к,а,з,а,л, ,А,д,и,е,в, ,в, ,э,ф,и,р,е, ,т,е,л,е,к,а,н,а,л,а, ,«,М,а,т,ч, ,Т,В,»,.,"
","
",М,а,т,ч, ,«,А,н,ж,и,», ,—, ,«,А,х,м,а,т,», ,с,о,с,т,о,и,т,с,я, ,1,9, ,а,п,р,е,л,я,",", ,н,а,ч,а,л,о, ,в, ,1,9,:,3,0, ,(,м,с,к,),.,"
"
"
",О,л,и,м,п,и,й,с,к,а,я, ,ч,е,м,п,и,о,н,к,а, ,А,л,и,н,а, ,З,а,г,и,т,о,в,а, ,р,а,с,с,к,а,з,а,л,а,",", ,ч,т,о, ,п,р,и,д,а,ё,т, ,е,й, ,м,о,т,и,в,а,ц,и,ю, ,д,л,я, ,т,р,е,н,и,р,о,в,о,к, ,и, ,в,ы,с,т,у,п,л,е,н,и,й,.,"
","
",С,п,о,р,т,с,м,е,н,к,а, ,п,р,и,з,н,а,л,а,с,ь,",", ,ч,т,о, ,н,е, ,п,р,е,д,с,т,а,в,л,я,е,т, ,с,в,о,е,й, ,ж,и,з,н,и, ,б,е,з, ,ф,и,г,у,р,н,о,г,о, ,к,а,т,а,н,и,я,., ,«,Я, ,с,т,а,л,а, ,п,о,л,у,ч,а,т,ь, ,б,о,л,ь,ш,е, ,в,н,и,м,а,н,и,я, ,п,о,с,л,е, ,п,о,б,е,д,ы, ,н,а, ,О,л,и,м,п,и,а,д,е,-,2,0,1,8,?,",", ,—, ,о,т,м,е,т,и,л,а, ,З,а,г,и,т,о,в,а,",", ,с,л,о,в,а, ,к,о,т,о,р,о,й, ,п,р,и,в,о,д,и,т, ,я,п,о,н,с,к,и,й, ,с,а,й,т, ,N,u,m,b,e,r, ,W,e,b,., ,П,р,и, ,э,т,о,м, ,ф,и,г,у,р,и,с,т,к,а, ,д,о,б,а,в,и,л,а,",", ,ч,т,о, ,с,а,м,а, ,о,н,а, ,н,е, ,и,з,м,е,н,и,л,а,с,ь, ,и, ,о,с,т,а,л,а,с,ь, ,т,а,к,о,й, ,ж,е,",", ,к,а,к, ,и, ,п,р,е,ж,д,е,.,"
","
",«,М,е,ч,т,а,», ,—, ,о,ч,е,н,ь, ,в,а,ж,н,о,е, ,с,л,о,в,о, ,д,л,я, ,м,е,н,я,",", ,—, ,с,к,а,з,а,л,а, ,З,а,г,и,т,о,в,а,., ,—, , ,О,с,о,з,н,а,н,и,е, ,м,о,е,й, ,м,е,ч,т,ы, ,п,о,м,о,г,а,е,т, ,м,н,е, ,н,а, ,т,р,е,н,и,р,о,в,к,а,х,»,., ,Ф,и,г,у,р,и,с,т,к,а, ,п,о,я,с,н,и,л,а,",", ,ч,т,о, ,п,о,с,л,е, ,н,е,у,д,а,ч, ,и,м,е,н,н,о, ,м,ы,с,л,и, ,о, ,м,е,ч,т,е, ,п,о,з,в,о,л,я,ю,т, ,е,й, ,о,б,о, ,в,с,ё,м, ,з,а,б,ы,т,ь, ,и, ,п,р,о,д,о,л,ж,а,т,ь, ,р,а,б,о,т,а,т,ь,., ,А,л,и,н,а, ,д,о,б,а,в,и,л,а,",", ,ч,т,о, ,х,о,ч,е,т, ,и, ,д,а,л,ь,ш,е, ,к,а,т,а,т,ь,с,я, ,б,е,з, ,о,ш,и,б,о,к,",", ,к,а,к, ,э,т,о, ,б,ы,л,о, ,в, ,с,е,з,о,н,е, ,2,0,1,7,/,1,8,.,"
","
"
"
","
",В, ,б,л,и,ж,а,й,ш,е,м, ,м,а,т,ч,е, ,ч,е,м,п,и,о,н,а,т,а, ,Ф,р,а,н,ц,и,и, ,«,П,С,Ж,», ,с,ы,г,р,а,е,т, ,п,р,о,т,и,в, ,«,М,о,н,а,к,о,», ,в, ,с,п,е,ц,и,а,л,ь,н,ы,х, ,ф,у,т,б,о,л,к,а,х, ,с, ,и,з,о,б,р,а,ж,е,н,и,е,м, ,с,о,б,о,р,а, ,П,а,р,и,ж,с,к,о,й, ,Б,о,г,о,м,а,т,е,р,и,.,"
","
",Р,а,н,е,е, ,с,о,о,б,щ,а,л,о,с,ь,",", ,ч,т,о, ,к,л,у,б, ,н,а,м,е,р,е,н, ,с,о,б,р,а,т,ь, ,с,р,е,д,с,т,в,а, ,н,а, ,в,о,с,с,т,а,н,о,в,л,е,н,и,е, ,с,о,б,о,р,а,",", ,с,е,р,ь,е,з,н,о, ,п,о,с,т,р,а,д,а,в,ш,е,г,о, ,о,т, ,п,о,ж,а,р,а, ,1,5, ,а,п,р,е,л,я,.,"
","
",О,т,м,е,т,и,м,",", ,ч,т,о, ,д,л,я, ,д,о,с,р,о,ч,н,о,г,о, ,о,ф,о,р,м,л,е,н,и,я, ,ч,е,м,п,и,о,н,с,к,о,г,о, ,т,и,т,у,л,а, ,«,П,С,Ж,», ,в, ,и,г,р,е, ,с, ,«,М,о,н,а,к,о,», ,д,о,с,т,а,т,о,ч,н,о, ,с,ы,г,р,а,т,ь, ,в,н,и,ч,ь,ю,.,"
","
",В,с,т,р,е,ч,а, ,м,е,ж,д,у, ,к,о,м,а,н,д,а,м,и, ,п,р,о,й,д,е,т, ,2,1, ,а,п,р,е,л,я, ,и, ,н,а,ч,н,е,т,с,я, ,в, ,2,2,:,0,0,.,"
"
"
",Ш,т,ы,р,к,о,в, ,п,о,п,а,л, ,в, ,б,о,л,ь,н,и,ц,у, ,з,а, ,д,е,н,ь, ,д,о, ,U,F,C, ,в, ,П,и,т,е,р,е,., ,Б,о,й, ,о,т,м,е,н,е,н,"
",А,м,е,р,и,к,а,н,с,к,и,й, ,б,о,е,ц, ,U,F,C, ,Д,э,в,и,н, ,К,л,а,р,к, ,с,о,о,б,щ,и,л,",", ,ч,т,о, ,е,г,о, ,б,о,й, ,с, ,р,о,с,с,и,я,н,и,н,о,м, ,И,в,а,н,о,м, ,Ш,т,ы,р,к,о,в,ы,м, ,о,т,м,е,н,е,н,., ,П,о,е,д,и,н,о,к, ,д,о,л,ж,е,н, ,б,ы,л, ,п,р,о,й,т,и, ,2,0, ,а,п,р,е,л,я, ,н,а, ,т,у,р,н,и,р,е, ,U,F,C, ,в, ,С,а,н,к,т,-,П,е,т,е,р,б,у,р,г,е,.,"
","
",«,Х,о,т,е,л, ,п,о,б,л,а,г,о,д,а,р,и,т,ь, ,в,а,с, ,з,а, ,п,о,д,д,е,р,ж,к,у,., ,К, ,с,о,ж,а,л,е,н,и,ю,",", ,м,о,й, ,б,о,й, ,в, ,Р,о,с,с,и,и, ,о,т,м,е,н,е,н,., ,М,о,й, ,с,о,п,е,р,н,и,к, ,з,а,б,о,л,е,л, ,и, ,с,е,й,ч,а,с, ,н,а,х,о,д,и,т,с,я, ,в, ,б,о,л,ь,н,и,ц,е,., ,Е,щ,е, ,р,а,з, ,с,п,а,с,и,б,о, ,з,а, ,п,о,д,д,е,р,ж,к,у,",", ,д,л,я, ,м,е,н,я, ,э,т,о, ,м,н,о,г,о,е, ,з,н,а,ч,и,т,»,",", ,—, ,с,к,а,з,а,л, ,К,л,а,р,к, ,в, ,и,н,с,т,а,г,р,а,м,е,.,"
"
"
","
",М,е,д,в,е,д,е,в, ,в,п,е,р,в,ы,е, ,о,б,ы,г,р,а,л, ,Д,ж,о,к,о,в,и,ч,а,"
",1,9, ,А,п,р,е,л,я, ,2,0,1,9, , ,"
",1,7,:,4,2,"
",Р,о,с,с,и,й,с,к,и,й, ,т,е,н,н,и,с,и,с,т, ,Д,а,н,и,и,л, ,М,е,д,в,е,д,е,в, ,п,о,б,е,д,и,л, ,с,е,р,б,а, ,Н,о,в,а,к,а, ,Д,ж,о,к,о,в,и,ч,а, ,в, ,ч,е,т,в,е,р,т,ь,ф,и,н,а,л,е, ,т,у,р,н,и,р,а, ,A,T,P, ,в, ,М,о,н,т,е,-,К,а,р,л,о,.,"
","
",В,с,т,р,е,ч,а, ,п,р,о,д,о,л,ж,а,л,а,с,ь, ,2, ,ч,а,с,а, ,2,0, ,м,и,н,у,т,., ,Р,о,с,с,и,я,н,и,н, ,с,д,е,л,а,л, ,т,р,и, ,э,й,с,а, ,и, ,д,в,е, ,д,в,о,й,н,ы,х, ,о,ш,и,б,к,и,",", ,п,е,р,в,а,я, ,р,а,к,е,т,к,а, ,м,и,р,а, ,–, ,ч,е,т,ы,р,е, ,э,й,с,а, ,и, ,т,р,и, ,д,в,о,й,н,ы,х, ,о,ш,и,б,к,и,.,"
","
",М,е,д,в,е,д,е,в, ,в,п,е,р,в,ы,е, ,в, ,к,а,р,ь,е,р,е, ,о,б,ы,г,р,а,л, ,Д,ж,о,к,о,в,и,ч,а,",", ,п,р,е,д,ы,д,у,щ,и,е, ,т,р,и, ,в,с,т,р,е,ч,и, ,з,а,к,а,н,ч,и,в,а,л,и,с,ь, ,в, ,п,о,л,ь,з,у, ,с,е,р,б,с,к,о,г,о, ,т,е,н,н,и,с,и,с,т,а,.,"
","
",Д,а,н,и,и,л, ,М,е,д,в,е,д,е,в, ,(,Р,о,с,с,и,я,), ,—, ,Н,о,в,а,к, ,Д,ж,о,к,о,в,и,ч, ,(,С,е,р,б,и,я,), ,—, ,6,:,3,",", ,4,:,6,",", ,6,:,2,.,"
","
",В, ,п,о,л,у,ф,и,н,а,л,е, ,т,у,р,н,и,р,а, ,1,0,-,я, ,р,а,к,е,т,к,а, ,м,и,р,а, ,М,е,д,в,е,д,е,в, ,в,с,т,р,е,т,и,т,с,я, ,с, ,д,р,у,г,и,м, ,с,е,р,б,о,м,",", ,Д,у,ш,а,н,о,м, ,Л,а,й,о,в,и,ч,е,м, ,(,4,8,-,й, ,в, ,р,е,й,т,и,н,г,е, ,A,T,P,),.,"
"
"
",С,и,н,х,р,о,н,и,с,т,к,и, ,Р,Ф, ,в,ы,и,г,р,а,л,и, ,т,е,х,н,и,ч,е,с,к,у,ю, ,п,р,о,г,р,а,м,м,у, ,н,а, ,э,т,а,п,е, ,М,и,р,о,в,о,й, ,с,е,р,и,и,"
",В,ч,е,р,а,",", ,2,0,:,4,4,"
",9,2,2,9,"
",К,А,З,А,Н,Ь,",", ,1,9, ,а,п,р, ,-, ,Р,И,А, ,Н,о,в,о,с,т,и,., ,С,б,о,р,н,а,я, ,Р,о,с,с,и,и, ,п,о,б,е,д,и,л,а, ,в, ,т,е,х,н,и,ч,е,с,к,о,й, ,п,р,о,г,р,а,м,м,е, ,в, ,к,о,м,а,н,д,н,ы,х, ,с,о,р,е,в,н,о,в,а,н,и,я,х, ,н,а, ,э,т,а,п,е, ,М,и,р,о,в,о,й, ,с,е,р,и,и, ,п,о, ,с,и,н,х,р,о,н,н,о,м,у, ,п,л,а,в,а,н,и,ю,",", ,к,о,т,о,р,ы,й, ,п,р,о,х,о,д,и,т, ,в, ,К,а,з,а,н,и, ,и, ,с,о,в,м,е,щ,е,н, ,с, ,ч,е,м,п,и,о,н,а,т,о,м, ,Р,о,с,с,и,и,.,"
",Р,о,с,с,и,я,н,к,и, ,п,о,л,у,ч,и,л,и, ,з,а, ,с,в,о,е, ,в,ы,с,т,у,п,л,е,н,и,е, ,о,ц,е,н,к,у, ,в, ,9,5,",",3,4,1,1, ,б,а,л,л,а,., ,В,т,о,р,о,е, ,м,е,с,т,о, ,з,а,н,я,л,а, ,с,б,о,р,н,а,я, ,Б,е,л,о,р,у,с,с,и,и, ,(,8,3,",",4,7,3,6,),",", ,т,р,е,т,ь,е,й, ,с,т,а,л,а, ,к,о,м,а,н,д,а, ,В,е,н,г,р,и,и, ,(,7,8,",",4,4,1,4,),.,"
",В, ,р,а,м,к,а,х, ,ч,е,м,п,и,о,н,а,т,а, ,Р,о,с,с,и,и, ,в,т,о,р,о,е, ,м,е,с,т,о, ,з,а,н,я,л,а, ,п,е,р,в,а,я, ,к,о,м,а,н,д,а, ,С,а,н,к,т,-,П,е,т,е,р,б,у,р,г,а, ,(,8,4,",",9,9,6,4,),",", ,т,р,е,т,ь,е,й, ,с,т,а,л,а, ,с,б,о,р,н,а,я, ,М,о,с,к,в,ы, ,(,8,4,",",5,7,6,7,),.,"
"
"
",П,р,е,с,с,-,а,т,т,а,ш,е, ,ф,е,д,е,р,а,ц,и,и, ,ф,и,г,у,р,н,о,г,о, ,к,а,т,а,н,и,я, ,Р,о,с,с,и,и, ,(,Ф,Ф,К,К,Р,), ,О,л,ь,г,а, ,Е,р,м,о,л,и,н,а, ,о,с,у,д,и,л,а, ,и,з,в,е,с,т,н,у,ю, ,ж,у,р,н,а,л,и,с,т,к,у, ,Е,л,е,н,у, ,В,а,й,ц,е,х,о,в,с,к,у,ю, ,з,а, ,к,р,и,т,и,к,у, ,м,е,т,о,д,о,в, ,р,а,б,о,т,ы, ,Э,т,е,р,и, ,Т,у,т,б,е,р,и,д,з,е,.,"
","
",Е,р,м,о,л,и,н,а, ,п,о,д,ч,е,р,к,н,у,л,а,",", ,ч,т,о, ,в,ы,с,к,а,з,ы,в,а,е,т, ,л,и,ш,ь, ,с,о,б,с,т,в,е,н,н,у,ю, ,п,о,з,и,ц,и,ю,",", ,а, ,н,е, ,г,о,в,о,р,и,т, ,о,т, ,и,м,е,н,и, ,Ф,е,д,е,р,а,ц,и,и,., ,«,Р,е,а,л,ь,н,о, ,у,ж,е, ,с,м,е,ш,н,о, ,ч,и,т,а,т,ь, ,о,ч,е,р,е,д,н,ы,е, ,о,п,у,с,ы, ,г,о,с,п,о,ж,и, ,В,а,й,ц,е,х,о,в,с,к,о,й,",", ,е,е, ,в,ы,п,а,д,ы, ,в, ,а,д,р,е,с, ,Э,т,е,р,и, ,Т,у,т,б,е,р,и,д,з,е,»,",", ,—, ,н,а,п,и,с,а,л,а, ,п,р,е,с,с,-,а,т,т,а,ш,е, ,н,а, ,с,в,о,е,й, ,с,т,р,а,н,и,ц,е, ,в, ,F,a,c,e,b,o,o,k,.,"
","
",Е,р,м,о,л,и,н,а, ,о,т,м,е,т,и,л,а,",", ,ч,т,о,",", ,п,о, ,е,ё, ,м,н,е,н,и,ю,",", ,ж,у,р,н,а,л,и,с,т, ,д,о,л,ж,е,н, ,б,ы,т,ь, ,о,б,ъ,е,к,т,и,в,н,ы,м,., ,С,п,е,ц,и,а,л,и,с,т, ,у,б,е,ж,д,е,н,а,",", ,ч,т,о, ,В,а,й,ц,е,х,о,в,с,к,а,я, ,и,г,н,о,р,и,р,у,е,т, ,ф,а,к,т,ы, ,и, ,д,е,л,а,е,т, ,с,в,о,и, ,у,м,о,з,а,к,л,ю,ч,е,н,и,я,",", ,и,с,х,о,д,я, ,и,з, ,л,и,ч,н,ы,х, ,с,и,м,п,а,т,и,й, ,и, ,а,н,т,и,п,а,т,и,й,., ,«,С,е,г,о,д,н,я, ,в,с,е, ,с,т,а,т,ь,и,",", ,к,о,т,о,р,ы,е, ,к,а,с,а,ю,т,с,я, ,у,ч,е,н,и,к,о,в, ,т,р,е,н,е,р,а,",", ,п,и,ш,у,т,с,я, ,п,р,и,м,е,р,н,о, ,п,о, ,т,а,к,о,й, ,ж,е, ,с,х,е,м,е,",", ,—, ,з,а,я,в,и,л,а, ,Е,р,м,о,л,и,н,а,., ,—, ,Т,о,л,ь,к,о, ,в,о,т, ,п,р,о,г,н,о,з,ы, ,ж,у,р,н,а,л,и,с,т,а, ,н,е, ,и,м,е,ю,т, ,н,и,ч,е,г,о, ,о,б,щ,е,г,о, ,с, ,п,о,с,л,е,д,у,ю,щ,е,й, ,р,е,а,л,ь,н,о,с,т,ь,ю,»,.,"
"
"
",Н,а,п,а,д,а,ю,щ,и,й, ,т,у,р,и,н,с,к,о,г,о, ,«,Ю,в,е,н,т,у,с,а,», ,К,р,и,ш,т,и,а,н,у, ,Р,о,н,а,л,д,у, ,п,о,к,а,з,а,л, ,с,т,р,а,н,н,ы,й, ,ж,е,с,т, ,п,о,с,л,е, ,п,р,о,и,г,р,а,н,н,о,г,о, ,м,а,т,ч,а, ,с, ,г,о,л,л,а,н,д,с,к,и,м, ,«,А,я,к,с,о,м,», ,в, ,р,а,м,к,а,х, ,ч,е,т,в,е,р,т,ь,ф,и,н,а,л,а, ,Л,и,г,и, ,ч,е,м,п,и,о,н,о,в,",", ,с,о,о,б,щ,а,е,т, ,«,С,о,в,е,т,с,к,и,й, ,с,п,о,р,т,»,.,"
","
",У,х,о,д,я, ,с, ,п,о,л,я,",", ,ф,о,р,в,а,р,д, ,п,р,о,в,е,л, ,р,у,к,о,й, ,в,о,з,л,е, ,п,я,т,о,й, ,т,о,ч,к,и, ,и, ,с,д,е,л,а,л, ,ж,е,с,т,",", ,к,о,т,о,р,ы,й, ,н,а,м,е,к,а,е,т, ,н,а, ,р,а,с,п,р,о,с,т,р,а,н,е,н,и,е, ,п,л,о,х,о,г,о, ,з,а,п,а,х,а,.,"
","
",П,о,л,ь,з,о,в,а,т,е,л,и, ,с,о,ц,и,а,л,ь,н,ы,х, ,с,е,т,е,й, ,и, ,ж,у,р,н,а,л,и,с,т,ы, ,о,с,у,д,и,л,и, ,п,о,р,т,у,г,а,л,ь,с,к,о,г,о, ,ф,у,т,б,о,л,и,с,т,а, ,з,а, ,д,а,н,н,ы,й, ,п,о,с,т,у,п,о,к,.,"
","
",В,с,т,р,е,ч,а, ,з,а,в,е,р,ш,и,л,а,с,ь, ,п,о,р,а,ж,е,н,и,е,м, ,«,с,т,а,р,о,й, ,с,и,н,ь,о,р,ы,», ,с,о, ,с,ч,е,т,о,м, ,1,:,2,.,"
","
",Р,а,н,е,е, ,с,о,о,б,щ,а,л,о,с,ь,",", ,ч,т,о, ,п,о,л,у,з,а,щ,и,т,н,и,к, ,«,Ю,в,е,н,т,у,с,а,», ,С,а,м,и, ,Х,е,д,и,р,а, ,п,р,о,п,у,с,т,и,т, ,о,с,т,а,т,о,к, ,с,е,з,о,н,а, ,и,з,-,з,а, ,т,р,а,в,м,ы,.,"
"
"
","
","
",Э,к,с,-,п,о,л,у,з,а,щ,и,т,н,и,к, ,«,Т,о,т,т,е,н,х,э,м,а,», ,и, ,с,б,о,р,н,о,й, ,А,н,г,л,и,и, ,Д,ж,е,р,м,э,й,н, ,Д,ж,е,н,а,с, ,в,ы,р,а,з,и,л, ,м,н,е,н,и,е,",", ,ч,т,о, ,«,М,а,н,ч,е,с,т,е,р, ,Ю,н,а,й,т,е,д,», ,п,о,т,о,р,о,п,и,л,с,я,",", ,н,а,з,н,а,ч,и,в, ,О,л,е,-,Г,у,н,н,а,р,а, ,С,у,л,ь,ш,е,р,а, ,н,о,в,ы,м, ,н,а,с,т,а,в,н,и,к,о,м, ,к,о,м,а,н,д,ы, ,п,о,с,л,е, ,у,в,о,л,ь,н,е,н,и,я, ,Ж,о,з,е, ,М,о,у,р,и,н,ь,о,.,"
","
",Б,ы,л,о, ,л,и, ,р,е,ш,е,н,и,е, ,н,а,з,н,а,ч,и,т,ь, ,С,у,л,ь,ш,е,р,а, ,в,е,р,н,ы,м,?, ,Н,е,т,., ,Я, ,ч,у,в,с,т,в,о,в,а,л,",", ,ч,т,о, ,э,т,о, ,р,е,ш,е,н,и,е, ,б,ы,л,о, ,п,р,и,н,я,т,о, ,н,а, ,э,м,о,ц,и,я,х,",", ,х,о,т,я, ,э,т,о, ,д,о,л,ж,н,о, ,б,ы,л,о, ,б,ы,т,ь, ,п,р,о,д,у,м,а,н,н,о,е, ,и, ,л,о,г,и,ч,н,о,е, ,р,е,ш,е,н,и,е, ,н,а, ,д,о,л,г,о,с,р,о,ч,н,у,ю, ,п,е,р,с,п,е,к,т,и,в,у,.,"
","
",О,д,н,а, ,и,з, ,в,е,щ,е,й,",", ,о,т, ,к,о,т,о,р,ы,х, ,к,л,у,б, ,д,о,л,ж,е,н, ,у,й,т,и, ,–, ,э,т,о, ,п,е,р,е,с,т,а,т,ь, ,д,е,л,а,т,ь, ,в,с,ё, ,«,п,у,т,ё,м, ,М,Ю,», ,и, ,г,о,в,о,р,и,т,ь,",", ,ч,т,о, ,о,н,и, ,н,е, ,п,р,и,в,ы,к,л,и, ,д,е,л,а,т,ь, ,э,т,о, ,п,о,-,д,р,у,г,о,м,у,., ,Т,о,",", ,ч,т,о, ,д,е,л,а,л, ,с,э,р, ,А,л,е,к,с, ,Ф,е,р,г,ю,с,о,н, ,–, ,у,н,и,к,а,л,ь,н,о,",", ,и, ,М,Ю, ,о,к,а,з,а,л,о,с,ь, ,о,ч,е,н,ь, ,т,р,у,д,н,о, ,в,о,с,п,р,о,и,з,в,е,с,т,и, ,э,т,о, ,п,р,и, ,п,о,м,о,щ,и, ,д,р,у,г,и,х, ,л,у,ч,ш,и,х, ,т,р,е,н,е,р,о,в, ,п,л,а,н,е,т,ы,.,"
","
",К,о,г,д,а, ,Г,в,а,р,д,и,о,л,а, ,п,р,и,ш,ё,л, ,в, ,«,М,а,н,ч,е,с,т,е,р, ,С,и,т,и,»,",", ,о,н, ,г,о,в,о,р,и,л, ,о, ,т,о,м,",", ,ч,т,о, ,д,е,л,а,л,и, ,М,а,н,ч,и,н,и, ,и, ,П,е,л,л,е,г,р,и,н,и, ,д,л,я, ,п,о,б,е,д,ы, ,в, ,ч,е,м,п,и,о,н,а,т,е,?, ,О,н, ,п,р,и,ш,ё,л, ,и, ,с,д,е,л,а,л, ,т,о,",", ,ч,т,о, ,х,о,т,е,л, ,с,д,е,л,а,т,ь,",", ,к,а,к, ,и, ,К,л,о,п,п, ,в, ,«,Л,и,в,е,р,п,у,л,е,»,., ,О,н,и, ,р,а,б,о,т,а,л,и, ,в, ,с,в,о,ё,м, ,с,т,и,л,е,., ,Э,т,о, ,т,о,",", ,ч,т,о, ,н,у,ж,н,о, ,«,Ю,н,а,й,т,е,д,»,., ,Я, ,н,е, ,д,у,м,а,ю,",", ,ч,т,о, ,и,м, ,н,а,д,о, ,и,с,к,а,т,ь, ,т,о,г,о,",", ,к,т,о, ,м,о,ж,е,т, ,п,р,и,б,л,и,з,и,т,ь,с,я, ,к, ,т,о,м,у,",", ,ч,т,о, ,с,д,е,л,а,л, ,Ф,е,р,г,ю,с,о,н,., ,И,м, ,н,е,о,б,х,о,д,и,м,о, ,н,а,й,т,и, ,н,о,в,у,ю, ,и,н,д,и,в,и,д,у,а,л,ь,н,о,с,т,ь,., ,М,о,у,р,и,н,ь,о, ,п,ы,т,а,л,с,я,",", ,н,о, ,к,л,у,б, ,н,е, ,р,е,ш,и,л,с,я, ,н,а, ,н,е,г,о, ,с,т,а,в,и,т,ь,.,"
","
",Н,е, ,д,у,м,а,ю,",", ,ч,т,о, ,о,н,и, ,з,н,а,ю,т,",", ,ч,т,о, ,д,е,л,а,ю,т,., ,Д,а,",", ,п,о,л,а,г,а,ю,",", ,р,е,ш,е,н,и,е, ,н,а,з,н,а,ч,и,т,ь, ,О,л,е, ,б,ы,л,о, ,э,м,о,ц,и,о,н,а,л,ь,н,ы,м,.,"
"
"
",«,М,а,н,ч,е,с,т,е,р, ,Ю,н,а,й,т,е,д,», ,м,о,ж,е,т, ,п,р,о,д,а,т,ь, ,н,а,п,а,д,а,ю,щ,е,г,о, ,Р,о,м,е,л,у, ,Л,у,к,а,к,у,",", ,с,о,о,б,щ,а,е,т, ,«,С,о,в,е,т,с,к,и,й, ,с,п,о,р,т,»,.,"
","
",П,о, ,и,н,ф,о,р,м,а,ц,и,и, ,T,h,e, ,T,e,l,e,g,r,a,p,h,",", ,г,л,а,в,н,ы,й, ,т,р,е,н,е,р, ,«,к,р,а,с,н,ы,х, ,д,ь,я,в,о,л,о,в,», ,У,л,е, ,Г,у,н,н,а,р, ,С,у,л,ь,ш,е,р, ,х,о,ч,е,т, ,п,р,о,в,е,с,т,и, ,к,а,д,р,о,в,ы,е, ,и,з,м,е,н,е,н,и,я, ,в, ,к,о,м,а,н,д,е,., ,Е,с,т,ь, ,в,е,р,о,я,т,н,о,с,т,ь,",", ,ч,т,о, ,б,е,л,ь,г,и,й,с,к,и,й, ,ф,у,т,б,о,л,и,с,т, ,с,т,а,н,е,т, ,о,д,н,и,м, ,и,з, ,п,е,р,в,ы,х,",", ,к,т,о, ,п,о,к,и,н,е,т, ,к,л,у,б,., ,О,д,н,а,к,о, ,р,у,к,о,в,о,д,с,т,в,о, ,б,у,д,е,т, ,ж,д,а,т,ь, ,д,о,с,т,о,й,н,о,г,о, ,п,р,е,д,л,о,ж,е,н,и,я, ,п,о, ,и,г,р,о,к,у,.,"
","
",Л,у,к,а,к,у, ,п,о,п,а,л, ,в, ,с,ф,е,р,у, ,и,н,т,е,р,е,с,о,в, ,т,а,к,и,х, ,к,о,м,а,н,д,",", ,к,а,к, ,м,и,л,а,н,с,к,и,й, ,«,И,н,т,е,р,»,",", ,ф,р,а,н,ц,у,з,с,к,и,й, ,«,П,С,Ж,», ,и, ,м,ю,н,х,е,н,с,к,а,я, ,«,Б,а,в,а,р,и,я,»,., ,П,о, ,с,л,о,в,а,м, ,а,г,е,н,т,а, ,с,п,о,р,т,с,м,е,н,а,",", ,о,н, ,п,р,е,д,п,о,ч,е,л, ,б,ы, ,ч,е,м,п,и,о,н,а,т, ,И,т,а,л,и,и,.,"
","
",Р,а,н,е,е, ,в,р,а,т,а,р,ь, ,«,М,а,н,ч,е,с,т,е,р, ,Ю,н,а,й,т,е,д,», ,и,з,в,и,н,и,л,с,я, ,п,е,р,е,д, ,к,л,у,б,о,м, ,з,а, ,г,о,л, ,о,т, ,М,е,с,с,и,.,"
"
"
",Ф,е,д,е,р,а,ц,и,я, ,х,о,к,к,е,я, ,Б,е,л,о,р,у,с,с,и,и, ,(,Ф,Х,Б,), ,н,е, ,р,а,с,с,м,а,т,р,и,в,а,е,т, ,в, ,с,в,о,е,й, ,п,о,в,е,с,т,к,е, ,в,о,п,р,о,с, ,о,б, ,о,т,з,ы,в,е, ,м,и,н,с,к,о,г,о, ,«,Д,и,н,а,м,о,», ,и,з, ,с,о,с,т,а,в,а, ,К,о,н,т,и,н,е,н,т,а,л,ь,н,о,й, ,х,о,к,к,е,й,н,о,й, ,л,и,г,и, ,(,К,Х,Л,),.,"
","
",В,о,п,р,о,с, ,о,б, ,о,т,з,ы,в,е, ,«,Д,и,н,а,м,о,», ,и,з, ,К,Х,Л, ,в, ,п,о,в,е,с,т,к,е, ,Ф,Х,Б, ,д,о, ,с,и,х, ,п,о,р, ,н,е, ,з,н,а,ч,и,л,с,я, ,и, ,н,е, ,з,н,а,ч,и,т,с,я, ,н,а, ,д,а,н,н,ы,й, ,м,о,м,е,н,т,",", ,—, ,с,о,о,б,щ,и,л,и, ,Т,А,С,С, ,в, ,п,р,е,с,с,-,с,л,у,ж,б,е, ,ф,е,д,е,р,а,ц,и,и,.,"
","
",В, ,с,е,з,о,н,е,-,2,0,1,8,/,1,9, ,м,и,н,с,к,о,е, ,«,Д,и,н,а,м,о,», ,з,а,н,я,л,о, ,п,р,е,д,п,о,с,л,е,д,н,е,е,",", ,о,д,и,н,н,а,д,ц,а,т,о,е, ,м,е,с,т,о, ,в, ,т,у,р,н,и,р,н,о,й, ,т,а,б,л,и,ц,е, ,З,а,п,а,д,н,о,й, ,к,о,н,ф,е,р,е,н,ц,и,и, ,л,и,г,и,.,"
","
",Р,а,н,е,е, ,п,р,е,з,и,д,е,н,т, ,Б,е,л,о,р,у,с,с,и,и, ,А,л,е,к,с,а,н,д,р, ,Л,у,к,а,ш,е,н,к,о, ,в, ,с,в,о,ё,м, ,п,о,с,л,а,н,и,и, ,н,а,р,о,д,у, ,и, ,Н,а,ц,и,о,н,а,л,ь,н,о,м,у, ,с,о,б,р,а,н,и,ю, ,к,о,с,н,у,л,с,я, ,в,ы,с,т,у,п,л,е,н,и,я, ,м,и,н,с,к,о,г,о, ,«,Д,и,н,а,м,о,», ,в, ,К,Х,Л,.,"
"
"
","
","""",А,в,а,н,г,а,р,д,"""", ,п,о,д,д,е,р,ж,и,т, ,о,д,н,о,г,о, ,и,з, ,л,у,ч,ш,и,х, ,б,о,м,б,а,р,д,и,р,о,в, ,к,о,м,а,н,д,ы, ,И,л,ь,ю, ,М,и,х,е,е,в,а,",", ,е,с,л,и, ,о,н, ,з,а,х,о,ч,е,т, ,о,т,п,р,а,в,и,т,ь,с,я, ,в, ,Н,а,ц,и,о,н,а,л,ь,н,у,ю, ,х,о,к,к,е,й,н,у,ю, ,л,и,г,у, ,(,Н,Х,Л,),., ,О,б, ,э,т,о,м, ,ж,у,р,н,а,л,и,с,т,а,м, ,р,а,с,с,к,а,з,а,л, ,п,р,е,д,с,е,д,а,т,е,л,ь, ,с,о,в,е,т,а, ,д,и,р,е,к,т,о,р,о,в, ,"""",А,в,а,н,г,а,р,д,а,"""", ,А,л,е,к,с,а,н,д,р, ,К,р,ы,л,о,в,.,"
","
",Р,а,н,е,е, ,с,о,о,б,щ,а,л,о,с,ь, ,о,б, ,и,н,т,е,р,е,с,е, ,к,л,у,б,о,в, ,Н,Х,Л, ,к, ,М,и,х,е,е,в,у,., ,Ф,о,р,в,а,р,д, ,с,т,а,л, ,л,у,ч,ш,и,м, ,б,о,м,б,а,р,д,и,р,о,м, ,"""",А,в,а,н,г,а,р,д,а,"""", ,в, ,р,е,г,у,л,я,р,н,о,м, ,с,е,з,о,н,а, ,К,Х,Л,",", ,н,а,б,р,а,в, ,4,5, ,(,2,3,+,2,2,), ,о,ч,к,о,в,.,"
","
","""",М,ы, ,п,о,д,д,е,р,ж,и,в,а,е,м, ,И,л,ю,х,у, ,в, ,т,о,м,",", ,ч,т,о,б,ы, ,о,н, ,у,е,х,а,л, ,в, ,С,е,в,е,р,н,у,ю, ,А,м,е,р,и,к,у, ,и, ,п,о,п,р,о,б,о,в,а,л, ,с,в,о,и, ,с,и,л,ы,., ,Н,е, ,и,м,е,е,м, ,п,р,а,в,а, ,з,а,п,р,е,щ,а,т,ь,",", ,т,а,к, ,к,а,к, ,о,н, ,о,ч,е,н,ь, ,м,н,о,г,о, ,с,д,е,л,а,л, ,д,л,я, ,о,м,с,к,о,г,о, ,х,о,к,к,е,я,., ,К,о,н,е,ч,н,о,",", ,м,ы, ,ж,д,е,м, ,е,г,о, ,н,а,з,а,д,",", ,е,с,л,и, ,ч,т,о,-,т,о, ,н,е, ,п,о,л,у,ч,и,т,с,я,",", ,н,о, ,н,а,д,о, ,п,о,д,д,е,р,ж,а,т,ь, ,и, ,д,а,т,ь, ,е,м,у, ,э,т,о,т, ,ш,а,н,с,., ,Р,а,з,у,м,е,е,т,с,я,",", ,н,а,м, ,п,о,н,а,д,о,б,и,т,с,я, ,у,с,и,л,е,н,и,е,",", ,н,а,д, ,э,т,и,м, ,и,д,е,т, ,р,а,б,о,т,а,"""",",", ,-, ,с,к,а,з,а,л, ,К,р,ы,л,о,в,.,"
","
",В, ,н,ы,н,е,ш,н,е,м, ,с,е,з,о,н,е, ,"""",А,в,а,н,г,а,р,д,"""", ,и,з,-,з,а, ,п,р,о,б,л,е,м, ,с, ,а,р,е,н,о,й, ,в, ,О,м,с,к,е, ,п,р,и,н,и,м,а,л, ,с,о,п,е,р,н,и,к,о,в, ,в, ,п,о,д,м,о,с,к,о,в,н,о,й, ,Б,а,л,а,ш,и,х,е,., ,"""",Н,е,п,р,а,в,д,а,",", ,ч,т,о, ,к,т,о,-,т,о, ,и,з, ,и,г,р,о,к,о,в, ,н,е, ,п,о,е,х,а,л, ,б,ы, ,и,г,р,а,т,ь, ,в, ,О,м,с,к,., ,Я, ,н,е, ,з,н,а,ю, ,н,и, ,о,д,н,о,г,о, ,х,о,к,к,е,и,с,т,а,",", ,к,о,т,о,р,ы,й, ,п,о,д,п,и,с,а,л, ,и, ,с,т,а,в,и,л, ,у,с,л,о,в,и,я, ,и,г,р,а,т,ь, ,в, ,М,о,с,к,в,е,",", ,т,а,к,о,г,о, ,н,е,т,., ,Д,а,ж,е, ,[,А,л,е,к,с,е,й,], ,Е,м,е,л,и,н,",", ,м,ы, ,п,р,о,с,т,о, ,д,о,г,о,в,о,р,и,л,и,с,ь, ,н,а, ,т,р,и, ,г,о,д,а,",", ,т,а,м, ,б,ы,л, ,п,р,и,н,ц,и,п,и,а,л,е,н, ,э,т,о,т, ,в,о,п,р,о,с,",", ,н,о, ,н,и,к,о,г,д,а, ,н,е, ,с,т,о,я,л,и, ,к,а,к,и,е,-,т,о, ,е,щ,е, ,о,г,р,а,н,и,ч,е,н,и,я,"""",",", ,-, ,о,т,м,е,т,и,л, ,ф,у,н,к,ц,и,о,н,е,р,.,"
"
"
",Н,а,п,а,д,а,ю,щ,и,й, ,м,о,с,к,о,в,с,к,о,г,о, ,Ц,С,К,А, ,М,а,к,с,и,м, ,М,а,м,и,н, ,п,р,о,к,о,м,м,е,н,т,и,р,о,в,а,л, ,п,о,б,е,д,у, ,в, ,ф,и,н,а,л,е, ,п,л,е,й,-,о,ф,ф, ,К,о,н,т,и,н,е,н,т,а,л,ь,н,о,й, ,х,о,к,к,е,й,н,о,й, ,л,и,г,и, ,(,К,Х,Л,), ,п,р,о,т,и,в, ,о,м,с,к,о,г,о, ,«,А,в,а,н,г,а,р,д,а,»,",", ,п,е,р,е,д,а,е,т, ,S,p,o,r,t,2,4,.,"
","
",Ч,е,т,в,е,р,т,ы,й, ,м,а,т,ч, ,ф,и,н,а,л,а, ,з,а,в,е,р,ш,и,л,с,я, ,п,о,б,е,д,о,й, ,а,р,м,е,й,ц,е,в, ,в, ,о,в,е,р,т,а,й,м,е, ,с,о, ,с,ч,е,т,о,м, ,3,:,2,., ,О,д,о,л,е,в, ,с,о,п,е,р,н,и,к,а, ,в,о, ,в,с,е,х, ,ч,е,т,ы,р,е,х, ,и,г,р,а,х, ,с,е,р,и,и,",", ,с,т,о,л,и,ч,н,ы,й, ,к,л,у,б, ,в,п,е,р,в,ы,е, ,в, ,и,с,т,о,р,и,и, ,Ц,С,К,А, ,з,а,в,о,е,в,а,л, ,К,у,б,о,к, ,Г,а,г,а,р,и,н,а,.,"
","
",«,В,п,е,ч,а,т,л,е,н,и,я, ,о,т, ,п,о,б,е,д,ы, ,р,а,д,о,с,т,н,ы,е,., ,С,м,о,т,р,ю, ,н,а, ,л,и,ц,а, ,п,а,р,т,н,е,р,о,в,",", ,т,р,е,н,е,р,о,в,",", ,с,е,м,ь,ю, ,с,в,о,ю, ,о,б,н,и,м,а,ю, ,—, ,э,т,о, ,л,у,ч,ш,и,е, ,э,м,о,ц,и,и,",", ,к,о,т,о,р,ы,е, ,я, ,к,о,г,д,а,-,л,и,б,о, ,и,с,п,ы,т,ы,в,а,л,!, ,Н,е, ,з,р,я, ,я, ,в,о,з,в,р,а,щ,а,л,с,я, ,и,з, ,Ф,л,о,р,и,д,ы,",", ,о, ,т,а,к,о,м, ,м,о,г, ,т,о,л,ь,к,о, ,м,е,ч,т,а,т,ь,., ,Н,а,с,т,р,о,е,н, ,л,и, ,в,е,р,н,у,т,ь,с,я, ,в, ,С,е,в,е,р,н,у,ю, ,А,м,е,р,и,к,у,?, ,Е,щ,е, ,н,е, ,з,н,а,ю,",", ,д,а,й,т,е, ,п,о,п,р,а,з,д,н,о,в,а,т,ь,!,», ,—, ,з,а,я,в,и,л, ,М,а,м,и,н,.,"
","
",Ф,о,р,в,а,р,д, ,в,ы,с,т,у,п,а,л, ,в, ,Н,а,ц,и,о,н,а,л,ь,н,о,й, ,х,о,к,к,е,й,н,о,й, ,л,и,г,е, ,(,Н,Х,Л,), ,з,а, ,«,Ф,л,о,р,и,д,у, ,П,а,н,т,е,р,з,»,.,"
","
",Р,а,н,е,е, ,с,а,м,ы,й, ,ц,е,н,н,ы,й, ,и,г,р,о,к, ,К,у,б,к,а, ,Г,а,г,а,р,и,н,а, ,п,о,д,е,л,и,л,с,я, ,э,м,о,ц,и,я,м,и, ,о,т, ,п,о,б,е,д,ы, ,в, ,ф,и,н,а,л,е,.,"
"
"
",Б,А,Л,А,Ш,И,Х,А, ,/,М,о,с,к,о,в,с,к,а,я, ,о,б,л,а,с,т,ь,/,",", ,2,0, ,а,п,р,е,л,я,., ,/,Т,А,С,С,/,., ,Х,о,к,к,е,и,с,т,ы, ,Ц,С,К,А, ,н,е, ,о,т,п,р,а,в,и,т,с,я, ,и,г,р,а,т,ь, ,в, ,Н,а,ц,и,о,н,а,л,ь,н,у,ю, ,х,о,к,к,е,й,н,у,ю, ,л,и,г,а, ,(,Н,Х,Л,), ,в, ,б,л,и,ж,а,й,ш,е,е, ,м,е,ж,с,е,з,о,н,ь,е,., ,О,б, ,э,т,о,м, ,ж,у,р,н,а,л,и,с,т,а,м, ,в, ,п,я,т,н,и,ц,у, ,з,а,я,в,и,л, ,п,р,е,з,и,д,е,н,т, ,Ц,С,К,А, ,И,г,о,р,ь, ,Е,с,м,а,н,т,о,в,и,ч,.,"
","
",В, ,п,я,т,н,и,ц,у, ,Ц,С,К,А, ,п,е,р,е,и,г,р,а,л, ,"""",А,в,а,н,г,а,р,д,"""", ,в, ,ч,е,т,в,е,р,т,о,м, ,м,а,т,ч,е, ,ф,и,н,а,л,а, ,п,л,е,й,-,о,ф,ф, ,К,о,н,т,и,н,е,н,т,а,л,ь,н,о,й, ,х,о,к,к,е,й,н,о,й, ,л,и,г,и, ,с,о, ,с,ч,е,т,о,м, ,3,:,2, ,в, ,о,в,е,р,т,а,й,м,е,",", ,в,п,е,р,в,ы,е, ,в, ,и,с,т,о,р,и,и, ,с,т,а,в, ,о,б,л,а,д,а,т,е,л,е,м, ,К,у,б,к,а, ,Г,а,г,а,р,и,н,а,.,"
","
","""",Н,и,к,т,о, ,н,е, ,у,е,д,е,т, ,з,а, ,о,к,е,а,н,., ,Я, ,н,а,д,е,ю,с,ь,",", ,ч,т,о, ,м,ы, ,с, ,С,е,р,е,ж,е,й, ,[,А,н,д,р,о,н,о,в,ы,м,], ,д,о,г,о,в,о,р,и,м,с,я,",", ,у, ,н,а,с, ,б,ы,л, ,п,р,е,д,в,а,р,и,т,е,л,ь,н,ы,й, ,р,а,з,г,о,в,о,р,",", ,н,а,д,е,ю,с,ь,",", ,ч,т,о, ,м,ы, ,н,а,й,д,е,м, ,о,б,щ,и,й, ,я,з,ы,к,"""",",", ,-, ,с,к,а,з,а,л, ,Е,с,м,а,н,т,о,в,и,ч,.,"
","
"
"
",В,р,а,т,а,р,ь, ,«,Н,ь,ю,-,Й,о,р,к, ,Р,е,й,н,д,ж,е,р,с,», ,Х,е,н,р,и,к, ,Л,у,н,д,к,в,и,с,т, ,с,о,г,л,а,с,и,л,с,я, ,в,ы,с,т,у,п,и,т,ь, ,з,а, ,с,б,о,р,н,у,ю, ,Ш,в,е,ц,и,и, ,н,а, ,ч,е,м,п,и,о,н,а,т,е, ,м,и,р,а,",", ,о,б, ,э,т,о,м, ,и,н,ф,о,р,м,и,р,у,е,т, ,ш,в,е,д,с,к,и,й, ,н,о,в,о,с,т,н,о,й, ,п,о,р,т,а,л, ,S,V,T,.,"
","
",В, ,т,е,к,у,щ,е,м, ,с,е,з,о,н,е, ,Н,Х,Л, ,«,Р,е,й,н,д,ж,е,р,с,», ,з,а,н,я,л,и, ,1,2,-,е, ,м,е,с,т,о, ,в, ,В,о,с,т,о,ч,н,о,й, ,к,о,н,ф,е,р,е,н,ц,и,и, ,и, ,н,е, ,с,у,м,е,л,и, ,в,ы,й,т,и, ,в, ,п,л,е,й,-,о,ф,ф,., ,Л,у,н,д,к,в,и,с,т, ,п,р,о,в,е,л, ,5,2, ,м,а,т,ч,а,",", ,в, ,с,р,е,д,н,е,м, ,п,р,о,п,у,с,к,а,я, ,п,о, ,3,",",0,7, ,ш,а,й,б,ы, ,з,а, ,и,г,р,у,.,"
","
",В, ,с,о,с,т,а,в,е, ,с,б,о,р,н,о,й, ,3,7,-,л,е,т,н,и,й, ,Л,у,н,д,к,в,и,с,т, ,с,т,а,н,о,в,и,л,с,я, ,о,л,и,м,п,и,й,с,к,и,м, ,ч,е,м,п,и,о,н,о,м, ,в, ,2,0,0,6, ,г,о,д,у,",", ,а, ,т,а,к,ж,е, ,ч,е,м,п,и,о,н,о,м, ,м,и,р,а,-,2,0,1,7,.,"
","
",Ч,е,м,п,и,о,н,а,т, ,м,и,р,а, ,п,р,о,й,д,е,т, ,в, ,с,л,о,в,а,ц,к,и,х, ,Б,р,а,т,и,с,л,а,в,е, ,и, ,К,о,ш,и,ц,е, ,с, ,1,0, ,п,о, ,2,6, ,м,а,я,., ,С,б,о,р,н,а,я, ,Ш,в,е,ц,и,и, ,с,ы,г,р,а,е,т, ,в, ,г,р,у,п,п,е, ,В, ,с, ,к,о,м,а,н,д,а,м,и, ,А,в,с,т,р,и,и,",", ,И,т,а,л,и,и,",", ,Л,а,т,в,и,и,",", ,Н,о,р,в,е,г,и,и,",", ,Р,о,с,с,и,и,",", ,Ч,е,х,и,и, ,и, ,Ш,в,е,й,ц,а,р,и,и,.,"
"
"
",4,7,-,л,е,т,н,и,й, ,н,а,п,а,д,а,ю,щ,и,й, ,«,К,л,а,д,н,о,», ,Я,р,о,м,и,р, ,Я,г,р, ,з,а,б,р,о,с,и,л, ,ч,е,т,ы,р,е, ,ш,а,й,б,ы, ,в, ,и,г,р,е, ,п,р,о,т,и,в, ,«,Ч,е,с,к,е,-,Б,у,д,е,е,в,и,ц,е,», ,в,о, ,в,т,о,р,о,м, ,ч,е,ш,с,к,о,м, ,д,и,в,и,з,и,о,н,е,.,"
","
",В,с,т,р,е,ч,а, ,1,0,-,г,о, ,т,у,р,а, ,в,т,о,р,о,г,о, ,э,т,а,п,а, ,в,т,о,р,о,г,о, ,д,и,в,и,з,и,о,н,а, ,Ч,е,х,и,и, ,з,а,в,е,р,ш,и,л,а,с,ь, ,п,о,б,е,д,о,й, ,Я,г,р,а, ,с,о, ,с,ч,е,т,о,м, ,4,:,2,., ,Т,а,к,и,м, ,о,б,р,а,з,о,м,",", ,«,К,л,а,д,н,о,», ,с,т,а,л, ,о,б,л,а,д,а,т,е,л,е,м, ,п,у,т,е,в,к,и, ,в, ,в,ы,с,ш,и,й, ,д,и,в,и,з,и,о,н, ,с,т,р,а,н,ы,.,"
",Н,а,п,о,м,н,и,м,",", ,ч,т,о, ,с, ,2,0,1,1, ,г,о,д,а, ,Я,г,р, ,я,в,л,я,е,т,с,я, ,в,л,а,д,е,л,ь,ц,е,м, ,к,л,у,б,а,",", ,в, ,к,о,т,о,р,о,м, ,н,а,ч,и,н,а,л, ,х,о,к,к,е,й,н,у,ю, ,к,а,р,ь,е,р,у, ,в, ,1,9,8,0,-,е, ,г,о,д,ы,., ,В, ,с,е,з,о,н,е,-,2,0,1,7,/,1,8, ,о,н, ,т,а,к,ж,е, ,с,т,а,л, ,д,е,й,с,т,в,у,ю,щ,и,м, ,х,о,к,к,е,и,с,т,о,м, ,э,т,о,й, ,к,о,м,а,н,д,ы,.,"
","
",Я,г,р, ,з,а,н,и,м,а,е,т, ,в,т,о,р,о,е, ,м,е,с,т,о, ,в, ,с,п,и,с,к,е, ,л,у,ч,ш,и,х, ,б,о,м,б,а,р,д,и,р,о,в, ,в, ,и,с,т,о,р,и,и, ,Н,Х,Л, ,п,о,с,л,е, ,У,э,й,н,а, ,Г,р,е,т,ц,к,и, ,–, ,в, ,е,г,о, ,а,к,т,и,в,е, ,1,9,2,1, ,(,7,6,6,+,1,1,5,5,), ,о,ч,к,о, ,в, ,и,г,р,а,х, ,р,е,г,у,л,я,р,н,о,г,о, ,ч,е,м,п,и,о,н,а,т,а, ,и, ,2,0,1, ,(,7,8,+,1,2,3,), ,о,ч,к,о, ,в, ,м,а,т,ч,а,х, ,п,л,е,й,-,о,ф,ф,.,"
","
"
"
",А,р,г,е,н,т,и,н,с,к,и,й, ,н,а,п,а,д,а,ю,щ,и,й, ,«,Б,а,р,с,е,л,о,н,ы,», ,Л,и,о,н,е,л,ь, ,М,е,с,с,и, ,б,ы,л, ,п,р,и,з,н,а,н, ,л,у,ч,ш,и,м, ,и,г,р,о,к,о,м, ,п,р,о,ш,е,д,ш,е,й, ,н,е,д,е,л,и, ,в, ,Л,и,г,е, ,ч,е,м,п,и,о,н,о,в,., ,О,б, ,э,т,о,м, ,с,о,о,б,щ,и,л, ,о,ф,и,ц,и,а,л,ь,н,ы,й, ,«,Т,в,и,т,т,е,р,», ,т,у,р,н,и,р,а,.,"
","
",В,о, ,в,т,о,р,н,и,к, ,«,Б,а,р,с,е,л,о,н,а,», ,н,а, ,«,К,а,м,п, ,Н,о,у,», ,с,ы,г,р,а,л,а, ,в, ,ч,е,т,в,е,р,т,ь,ф,и,н,а,л,е, ,Л,Ч, ,с, ,а,н,г,л,и,й,с,к,и,м, ,к,л,у,б,о,м, ,«,М,а,н,ч,е,с,т,е,р, ,Ю,н,а,й,т,е,д,»,:, ,М,е,с,с,и, ,з,а,б,и,л, ,д,в,а, ,г,о,л,а, ,и,з, ,т,р,е,х,., ,И,т,о,г,о,в,ы,й, ,с,ч,е,т, ,с,о,с,т,а,в,и,л, ,3,:,0, ,и, ,э,т,о, ,п,о,з,в,о,л,и,л,о, ,«,Б,а,р,с,е,», ,п,р,о,й,т,и, ,в, ,п,о,л,у,ф,и,н,а,л, ,т,у,р,н,и,р,а,., ,В, ,п,е,р,в,о,м, ,м,а,т,ч,е, ,п,р,о,т,и,в, ,м,а,н,к,у,н,и,а,н,ц,е,в, ,М,е,с,с,и, ,п,о,л,у,ч,и,л, ,т,р,а,в,м,у, ,н,о,с,а,.,"
","
",З,а, ,н,а,г,р,а,д,у, ,л,у,ч,ш,е,г,о, ,и,г,р,о,к,а, ,н,е,д,е,л,и, ,М,е,с,с,и, ,с,о,п,е,р,н,и,ч,а,л, ,с, ,з,а,щ,и,т,н,и,к,о,м, ,«,А,я,к,с,а,», ,М,а,т,е,й,с,о,м, ,Д,е, ,Л,и,г,т,о,м,",", ,ф,о,р,в,а,р,д,о,м, ,«,Л,и,в,е,р,п,у,л,я,», ,Р,о,б,е,р,т,о, ,Ф,и,р,м,и,н,о, ,и, ,н,а,п,а,д,а,ю,щ,и,м, ,«,Т,о,т,т,е,н,х,э,м,а,», ,С,о,н, ,Х,е,н, ,М,и,н,о,м,.,"
","
",В, ,п,о,л,у,ф,и,н,а,л,е, ,Л,и,г,и, ,ч,е,м,п,и,о,н,о,в, ,к,о,м,а,н,д,а, ,Л,и,о,н,е,л,я, ,М,е,с,с,и, ,с,ы,г,р,а,е,т, ,с, ,«,Л,и,в,е,р,п,у,л,е,м,»,., ,П,е,р,в,ы,й, ,м,а,т,ч, ,с,о,с,т,о,и,т,с,я, ,в,о, ,в,т,о,р,н,и,к,",", ,1, ,м,а,я,",", ,в, ,Б,а,р,с,е,л,о,н,е,",", ,о,т,в,е,т,н,а,я, ,в,с,т,р,е,ч,а, ,в, ,А,н,г,л,и,и, ,н,а,з,н,а,ч,е,н,а, ,н,а, ,с,р,е,д,у,",", ,7, ,м,а,я,.,В,а,н,д,а, ,Н,а,р,а,",", ,а,г,е,н,т, ,и, ,ж,е,н,а, ,н,а,п,а,д,а,ю,щ,е,г,о, ,«,И,н,т,е,р,а,», ,М,а,у,р,о, ,И,к,а,р,д,и,",", ,з,а,я,в,и,л,а, ,о, ,т,о,м,",", ,ч,т,о, ,а,р,г,е,н,т,и,н,е,ц, ,п,р,о,д,о,л,ж,и,т, ,в,ы,с,т,у,п,а,т,ь, ,з,а, ,м,и,л,а,н,с,к,и,й, ,к,л,у,б, ,в, ,с,л,е,д,у,ю,щ,е,м, ,с,е,з,о,н,е,., ,"
","
",—, ,М,ы, ,о,с,т,а,н,е,м,с,я, ,з,д,е,с,ь, ,н,а, ,с,л,е,д,у,ю,щ,и,й, ,с,е,з,о,н,",", ,—, ,п,е,р,е,д,а,е,т, ,с,л,о,в,а, ,ж,е,н,ы, ,И,к,а,р,д,и, ,C,a,l,c,i,o,m,e,r,c,a,t,o,., ,"
",Н,а,п,о,м,н,и,м,",", ,р,а,н,е,е, ,И,к,а,р,д,и, ,п,е,р,е,с,т,а,л, ,п,о,п,а,д,а,т,ь, ,в, ,с,о,с,т,а,в, ,«,И,н,т,е,р,а,», ,н,а, ,п,р,о,т,я,ж,е,н,и,и, ,д,в,у,х, ,м,е,с,я,ц,е,в, ,и, ,н,е, ,п,р,и,ш,е,л, ,к, ,с,о,г,л,а,ш,е,н,и,ю, ,с, ,к,л,у,б,о,м, ,о,т,н,о,с,и,т,е,л,ь,н,о, ,н,о,в,о,г,о, ,к,о,н,т,р,а,к,т,а,., ,В, ,у,с,л,у,г,а,х, ,2,6,-,л,е,т,н,е,г,о, ,ф,у,т,б,о,л,и,с,т,а, ,б,ы,л,и, ,з,а,и,н,т,е,р,е,с,о,в,а,н,ы, ,м,а,д,р,и,д,с,к,и,е, ,«,А,т,л,е,т,и,к,о,», ,и, ,«,Р,е,а,л,»,",", ,т,у,р,и,н,с,к,и,й, ,«,Ю,в,е,н,т,у,с,»,",", ,«,Н,а,п,о,л,и,», ,и, ,«,М,а,н,ч,е,с,т,е,р, ,Ю,н,а,й,т,е,д,»,., ,"
","
",В, ,э,т,о,м, ,с,е,з,о,н,е, ,И,к,а,р,д,и, ,п,р,о,в,е,л, ,в, ,ч,е,м,п,и,о,н,а,т,е, ,И,т,а,л,и,и, ,2,3, ,м,а,т,ч,а,",", ,з,а,б,и,л, ,1,0, ,г,о,л,о,в, ,и, ,о,т,д,а,л, ,ч,е,т,ы,р,е, ,р,е,з,у,л,ь,т,а,т,и,в,н,ы,е, ,п,е,р,е,д,а,ч,и,., ,"
"
"
",С,е,м,а,к, ,о,б,в,и,н,и,л, ,«,К,р,а,с,н,о,д,а,р,», ,в, ,п,о,п,ы,т,к,е, ,с,п,р,о,в,о,ц,и,р,о,в,а,т,ь, ,д,р,а,к,у,"
","
",Г,л,а,в,н,ы,й, ,т,р,е,н,е,р, ,п,е,т,е,р,б,у,р,г,с,к,о,г,о, ,«,З,е,н,и,т,а,», ,С,е,р,г,е,й, ,С,е,м,а,к, ,п,о,с,л,е, ,п,о,б,е,д,ы, ,н,а,д, ,«,К,р,а,с,н,о,д,а,р,о,м,», ,в, ,м,а,т,ч,е, ,ч,е,м,п,и,о,н,а,т,а, ,Р,о,с,с,и,и, ,р,а,с,с,к,а,з,а,л, ,о, ,с,и,т,у,а,ц,и,и,",", ,к,о,т,о,р,а,я, ,е,д,в,а, ,н,е, ,п,р,и,в,е,л,а, ,к, ,м,а,с,с,о,в,о,й, ,д,р,а,к,е, ,м,е,ж,д,у, ,к,о,м,а,н,д,а,м,и,., ,П,о, ,с,л,о,в,а,м, ,с,п,е,ц,и,а,л,и,с,т,а,",", ,п,р,е,д,с,т,а,в,и,т,е,л,и, ,т,р,е,н,е,р,с,к,о,г,о, ,ш,т,а,б,а, ,с,о,п,е,р,н,и,к,а, ,н,е, ,п,о,н,я,л,и, ,с, ,ч,е,м, ,б,ы,л,а, ,с,в,я,з,а,н,а, ,з,а,м,и,н,к,а, ,п,р,и, ,в,ы,п,о,л,н,е,н,и,и, ,з,а,м,е,н,ы, ,и, ,п,ы,т,а,л,и,с,ь, ,с,п,р,о,в,о,ц,и,р,о,в,а,т,ь, ,к,о,н,ф,л,и,к,т,.,"
","
",«,М,ы, ,п,р,о,в,о,д,и,л,и, ,з,а,м,е,н,у,., ,У, ,н,а,с, ,л,и,м,и,т,",", ,м,ы, ,с,н,а,ч,а,л,а, ,п,л,а,н,и,р,о,в,а,л,и, ,в,ы,п,у,с,т,и,т,ь, ,р,о,с,с,и,я,н,и,н,а, ,в,м,е,с,т,о, ,и,н,о,с,т,р,а,н,ц,а,",", ,в,м,е,с,т,о, ,Р,и,г,о,н,и,., ,С,у,д,ь,я, ,п,о,д,н,и,м,а,е,т, ,с,о,в,с,е,м, ,д,р,у,г,у,ю, ,з,а,м,е,н,у,., ,Э,т,о, ,в,о,п,р,о,с, ,к, ,р,е,з,е,р,в,н,о,м,у,., ,Я, ,е,м,у, ,д,е,с,я,т,ь, ,р,а,з, ,п,ы,т,а,л,с,я, ,о,б,ъ,я,с,н,и,т,ь,",", ,о,б,ъ,я,с,н,я,л, ,п,р,о,т,и,в,о,п,о,л,о,ж,н,о,й, ,с,т,о,р,о,н,е,",", ,ч,т,о, ,у, ,н,а,с, ,л,и,м,и,т,., ,Н,а,м, ,н,у,ж,н,о, ,б,ы,л,о, ,с,н,а,ч,а,л,а, ,у,б,р,а,т,ь, ,и,н,о,с,т,р,а,н,ц,а,",", ,ч,т,о,б, ,в,ы,п,у,с,т,и,т,ь, ,р,о,с,с,и,я,н,и,н,а,",", ,а, ,п,о,т,о,м, ,в,ы,п,у,с,т,и,т,ь, ,н,о,в,о,г,о, ,и,н,о,с,т,р,а,н,ц,а,., ,О,д,н,а, ,з,а,м,е,н,а,",", ,п,е,р,в,а,я,",", ,у,ж,е, ,б,ы,л,а, ,г,о,т,о,в,а,",", ,в,т,о,р,а,я, ,б,ы,л,а, ,в,ы,н,у,ж,д,е,н,н,а,я,., ,Р,а,с,т,е,р,я,л,с,я, ,б,о,к,о,в,о,й, ,а,р,б,и,т,р,",", ,м,ы,-,т,о, ,п,р,и, ,ч,е,м,",", ,я, ,н,е, ,м,о,г,у, ,п,о,н,я,т,ь,., ,П,о, ,п,о,в,о,д,у, ,т,р,а,в,м,ы, ,О,з,д,о,е,в,а, ,—, ,б,ы,в,а,е,т,",", ,е,г,о, ,п,р,и,ш,л,о,с,ь, ,з,а,м,е,н,и,т,ь,., ,О,н, ,у,ш,е,л,., ,С,к,а,м,е,й,к,а, ,„,К,р,а,с,н,о,д,а,р,а,“, ,с,п,р,о,в,о,ц,и,р,о,в,а,л,а, ,к,о,н,ф,л,и,к,т, ,н,а, ,р,о,в,н,о,м, ,м,е,с,т,е,., ,И,з,-,з,а, ,э,т,о,г,о, ,в,с,е, ,н,а,ч,а,л,о,с,ь,., ,Э,м,о,ц,и,и,",", ,к,о,н,е,ч,н,о,",", ,в,с,е, ,п,о,н,я,т,ь, ,м,о,ж,н,о,",", ,н,о, ,с, ,н,а,ш,е,й, ,с,т,о,р,о,н,ы, ,в,с,е, ,б,ы,л,о, ,я,с,н,о, ,и, ,п,о,н,я,т,н,о,», ,—, ,ц,и,т,и,р,у,е,т, ,С,е,м,а,к,а, ,S,p,o,r,t,s,.,r,u,.
﻿,L,G, ,п,р,е,д,с,т,а,в,и,л,а, ,с,и,с,т,е,м,у, ,«,У,м,н,ы,й, ,д,о,м,», ,и, ,н,о,в,и,н,к,и, ,б,ы,т,о,в,о,й, ,т,е,х,н,и,к,и, ,2,0,1,9,"
","
",В, ,ц,е,н,т,р,е, ,б,и,з,н,е,с,-,и, ,с,п,о,р,т,и,в,н,о,г,о, ,к,л,а,с,т,е,р,а, ,«,В,Т,Б, ,А,р,е,н,а, ,П,а,р,к,»,",", ,в, ,о,т,е,л,е, ,H,y,a,t,t, ,R,e,g,e,n,c,y, ,M,o,s,c,o,w, ,P,e,t,r,o,v,s,k,y, ,P,a,r,k,",", ,L,G, ,E,l,e,c,t,r,o,n,i,c,s, ,п,р,е,д,с,т,а,в,и,л,а, ,ж,у,р,н,а,л,и,с,т,а,м,",", ,б,и,з,н,е,с,-,п,а,р,т,н,е,р,а,м, ,и, ,д,и,з,а,й,н,е,р,а,м, ,и,н,т,е,р,ь,е,р,о,в, ,р,е,ш,е,н,и,я, ,L,G, ,T,h,i,n,Q, ,A,I, ,в, ,о,б,л,а,с,т,и, ,и,с,к,у,с,с,т,в,е,н,н,о,г,о, ,и,н,т,е,л,л,е,к,т,а, ,и, ,и,н,т,е,р,н,е,т,а, ,в,е,щ,е,й,",", ,а, ,т,а,к,ж,е, ,п,р,е,м,и,а,л,ь,н,у,ю, ,а,у,д,и,о,",", ,в,и,д,е,о, ,и, ,б,ы,т,о,в,у,ю, ,т,е,х,н,и,к,у,., ,У,м,н,ы,й, ,д,о,м, ,—, ,п,о,п,у,л,я,р,н,о,е, ,и, ,в,о,с,т,р,е,б,о,в,а,н,н,о,е, ,р,е,ш,е,н,и,е, ,п,о, ,в,с,е,м,у, ,м,и,р,у,",", ,к,о,т,о,р,о,е, ,т,а,к,ж,е, ,п,о,с,т,е,п,е,н,н,о, ,п,р,о,н,и,к,а,е,т, ,в, ,ж,и,з,н,ь, ,р,о,с,с,и,я,н,., ,L,G, ,с,л,е,д,у,е,т, ,г,л,о,б,а,л,ь,н,ы,м, ,т,е,н,д,е,н,ц,и,я,м,",", ,п,р,е,д,с,т,а,в,л,я,я, ,с,и,с,т,е,м,у, ,L,G, ,T,h,i,n,Q, ,A,I,",", ,к,о,т,о,р,а,я, ,ч,е,р,е,з, ,W,i,-,F,i, ,с,о,е,д,и,н,е,н,и,я, ,о,б,ъ,е,д,и,н,я,е,т, ,в, ,с,е,б,е, ,в,с,е, ,у,с,т,р,о,й,с,т,в,а,",", ,п,р,о,и,з,в,о,д,и,м,ы,е, ,к,о,м,п,а,н,и,е,й,., ,Ц,е,н,т,р,а,л,ь,н,о,е, ,м,е,с,т,о, ,в, ,с,и,с,т,е,м,е, ,з,а,н,и,м,а,е,т, ,н,о,в,ы,й, ,т,е,л,е,в,и,з,о,р, ,н,а, ,п,л,а,т,ф,о,р,м,е, ,S,m,a,r,t, ,T,h,i,n,Q, ,A,I,",", ,к,о,т,о,р,ы,й, ,в,ы,с,т,у,п,а,е,т, ,в, ,к,а,ч,е,с,т,в,е, ,е,д,и,н,о,г,о, ,п,о,л,ь,з,о,в,а,т,е,л,ь,с,к,о,г,о, ,и,н,т,е,р,ф,е,й,с,а, ,д,л,я, ,к,о,н,с,о,л,и,д,а,ц,и,и, ,в,с,е,х, ,у,м,н,ы,х,-,у,с,т,р,о,й,с,т,в, ,в, ,д,о,м,е,., ,В,с,т,р,о,е,н,н,а,я, ,в, ,т,е,л,е,в,и,з,о,р, ,п,а,н,е,л,ь, ,у,п,р,а,в,л,е,н,и,я, ,у,м,н,ы,м, ,д,о,м,о,м, ,к,о,н,т,р,о,л,и,р,у,е,т, ,в,с,е, ,б,ы,т,о,в,ы,е, ,п,р,и,б,о,р,ы,",", ,н,а,х,о,д,я,щ,и,е,с,я, ,в, ,е,д,и,н,о,й, ,д,о,м,а,ш,н,е,й, ,с,е,т,и,., ,С, ,е,е, ,п,о,м,о,щ,ь,ю, ,г,о,л,о,с,о,в,ы,м,и, ,к,о,м,а,н,д,а,м,и, ,в,ы, ,м,о,ж,е,т,е, ,п,о,м,е,н,я,т,ь, ,т,е,м,п,е,р,а,т,у,р,у, ,в, ,х,о,л,о,д,и,л,ь,н,и,к,е,",", ,п,о,с,м,о,т,р,е,т,ь, ,с,т,а,т,у,с, ,р,а,б,о,т,ы, ,с,т,и,р,а,л,ь,н,о,й, ,м,а,ш,и,н,ы, ,и,л,и, ,L,G, ,S,t,y,l,e,r,",", ,в,к,л,ю,ч,и,т,ь,/,в,ы,к,л,ю,ч,и,т,ь, ,р,о,б,о,т,-,п,ы,л,е,с,о,с, ,и,л,и, ,о,т,п,р,а,в,и,т,ь, ,е,г,о, ,н,а, ,з,а,р,я,д,к,у,",", ,в,к,л,ю,ч,и,т,ь,/,в,ы,к,л,ю,ч,и,т,ь, ,о,ч,и,с,т,и,т,е,л,ь, ,в,о,з,д,у,х,а, ,и,л,и, ,п,о,м,е,н,я,т,ь, ,р,е,ж,и,м, ,р,а,б,о,т,ы, ,и, ,с,к,о,р,о,с,т,ь, ,в,е,н,т,и,л,я,т,о,р,а,",", ,п,р,о,в,е,р,и,т,ь, ,и,н,ф,о,р,м,а,ц,и,ю, ,п,о, ,п,ы,л,и,",", ,в,к,л,ю,ч,и,т,ь,/,в,ы,к,л,ю,ч,и,т,ь, ,к,о,н,д,и,ц,и,о,н,е,р,",", ,а, ,т,а,к,ж,е, ,п,о,м,е,н,я,т,ь, ,т,е,м,п,е,р,а,т,у,р,у, ,е,г,о, ,р,а,б,о,т,ы, ,и, ,м,о,щ,н,о,с,т,ь, ,п,о,т,о,к,а, ,в,о,з,д,у,х,а,., ,Т,е,м,у, ,р,а,з,в,и,т,и,я, ,и,с,к,у,с,с,т,в,е,н,н,о,г,о, ,и,н,т,е,л,л,е,к,т,а, ,п,о,д,д,е,р,ж,а,л,и, ,и, ,п,а,р,т,н,ё,р,ы, ,L,G,., ,«,И,с,к,у,с,с,т,в,е,н,н,ы,й, ,и,н,т,е,л,л,е,к,т, ,–, ,т,е,х,н,о,л,о,г,и,я, ,б,у,д,у,щ,е,г,о,",", ,к,о,т,о,р,а,я, ,с,о,в,с,е,м, ,с,к,о,р,о, ,к,а,ч,е,с,т,в,е,н,н,о, ,п,р,е,о,б,р,а,з,и,т, ,ж,и,з,н,ь, ,в,с,е,г,о, ,ч,е,л,о,в,е,ч,е,с,т,в,а,., ,И, ,у,ж,е, ,с,е,г,о,д,н,я, ,н,а,м, ,п,о,д,в,л,а,с,т,н,о, ,р,е,ш,е,н,и,е, ,м,н,о,г,и,х, ,з,а,д,а,ч, ,п,р,и, ,п,о,м,о,щ,и, ,а,л,г,о,р,и,т,м,о,в, ,о,б,у,ч,е,н,и,я,., ,Т,а,к,",", ,L,G, ,E,l,e,c,t,r,o,n,i,c,s, ,и,с,п,о,л,ь,з,у,е,т, ,г,л,у,б,и,н,н,о,е, ,о,б,у,ч,е,н,и,е, ,д,л,я, ,п,р,е,о,б,р,а,з,о,в,а,н,и,я, ,к,а,р,т,и,н,к,и, ,и, ,з,в,у,к,а, ,в, ,т,е,л,е,в,и,з,о,р,а,х, ,«,у,м,н,ы,м, ,с,п,о,с,о,б,о,м,»,",", ,а, ,«,Л,а,б,о,р,а,т,о,р,и,и, ,К,а,с,п,е,р,с,к,о,г,о,», ,п,р,и,м,е,н,я,е,т, ,м,е,т,о,д,ы, ,м,а,ш,и,н,н,о,г,о, ,о,б,у,ч,е,н,и,я, ,д,л,я, ,э,ф,ф,е,к,т,и,в,н,о,г,о, ,п,о,с,т,р,о,е,н,и,я, ,м,о,д,е,л,е,й,",", ,с,п,о,с,о,б,н,ы,х, ,а,в,т,о,м,а,т,и,ч,е,с,к,и, ,р,а,з,л,и,ч,а,т,ь, ,ч,и,с,т,ы,е, ,и, ,в,р,е,д,о,н,о,с,н,ы,е, ,ф,а,й,л,ы,»,",", ,–, ,р,а,с,с,к,а,з,ы,в,а,е,т, ,а,н,т,и,в,и,р,у,с,н,ы,й, ,э,к,с,п,е,р,т, ,«,Л,а,б,о,р,а,т,о,р,и,и, ,К,а,с,п,е,р,с,к,о,г,о,», ,А,л,е,к,с,е,й, ,М,а,л,а,н,о,в,",", ,п,р,и,н,я,в,ш,и,й, ,у,ч,а,с,т,и,е, ,в, ,к,о,н,ф,е,р,е,н,ц,и,и, ,«,Т,е,р,р,и,т,о,р,и,я, ,и,н,т,е,л,л,е,к,т,а, ,о,т, ,L,G,»,.,"
","
","
"
"
",Э,к,с,п,е,р,т,ы,:, ,К,л,а,в,и,а,т,у,р,ы, ,у,й,д,у,т, ,в, ,п,р,о,ш,л,о,е,"
",Э,к,с,п,е,р,т,а,м,и, ,с,д,е,л,а,н,о, ,п,р,е,д,п,о,л,о,ж,е,н,и,е, ,о, ,т,о,м,",", ,ч,т,о, ,в, ,б,л,и,ж,а,й,ш,е,е, ,в,р,е,м,я, ,к,л,а,в,и,а,т,у,р,ы, ,н,а,в,с,е,г,д,а, ,у,й,д,у,т, ,в, ,п,р,о,ш,л,о,е, ,и, ,с,т,а,н,у,т, ,л,и,ш,ь, ,д,о,с,т,о,я,н,и,е,м, ,и,с,т,о,р,и,и, ,h,i,-,t,e,c,h,",", ,а, ,б,у,д,у,щ,е,е, ,б,у,д,е,т, ,п,р,и,н,а,д,л,е,ж,а,т,ь, ,г,о,л,о,с,о,в,ы,м, ,а,с,с,и,с,т,е,н,т,а,м,.,"
","
",К,а,к, ,б,ы,л,о, ,р,а,с,с,к,а,з,а,н,о,",", ,р,а,б,о,т,а, ,с, ,к,л,а,в,и,а,т,у,р,а,м,и, ,у,ж,е, ,д,а,в,н,о, ,д,о,л,ж,н,а, ,б,ы,л,а, ,о,т,о,й,т,и, ,н,а, ,з,а,д,н,и,й, ,п,л,а,н,",", ,п,р,и, ,э,т,о,м, ,и,х, ,п,о,в,с,е,м,е,с,т,н,о,е, ,и,с,п,о,л,ь,з,о,в,а,н,и,е, ,д,о, ,с,и,х, ,п,о,р, ,и,м,е,е,т, ,м,е,с,т,о, ,в, ,н,а,ш,е,м, ,о,б,щ,е,с,т,в,е,., ,П,о,с,к,о,л,ь,к,у, ,п,р,о,г,р,е,с,с, ,н,е, ,с,т,о,и,т, ,н,а, ,м,е,с,т,е,",", ,т,о, ,и, ,п,р,е,ж,н,и,е, ,у,с,т,р,о,й,с,т,в,а, ,н,е, ,т,о, ,ч,т,о, ,н,е, ,с,п,о,с,о,б,с,т,в,у,ю,т,",", ,н,о, ,и, ,и,н,о,г,д,а, ,м,е,ш,а,ю,т, ,п,о,л,н,о,ц,е,н,н,о,м,у, ,в,з,а,и,м,о,д,е,й,с,т,в,и,ю, ,с, ,н,е,к,о,т,о,р,ы,м,и, ,н,о,в,е,й,ш,и,м,и, ,д,е,в,а,й,с,а,м,и,",", ,ч,т,о, ,з,н,а,ч,и,т,е,л,ь,н,о, ,у,м,е,н,ь,ш,а,е,т, ,и,х, ,э,ф,ф,е,к,т,и,в,н,о,с,т,ь,.,"
","
",П,о,д,о,б,н,ы,е, ,п,р,о,б,л,е,м,а, ,н,е, ,к,а,с,а,ю,т,с,я, ,г,о,л,о,с,о,в,ы,х, ,а,с,с,и,с,т,е,н,т,о,в, ,п,о, ,н,е,к,о,т,о,р,ы,м, ,н,а,з,в,а,н,н,ы,м, ,п,р,и,ч,и,н,а,м,., ,В, ,ч,а,с,т,н,о,с,т,и,",", ,с,к,о,р,о,с,т,ь, ,п,е,ч,а,т,а,н,и,я, ,б,у,д,е,т, ,з,а,в,и,с,е,т,ь, ,н,е, ,о,т, ,д,л,и,н,н,ы,х, ,и, ,н,а,т,р,е,н,и,р,о,в,а,н,н,ы,х, ,п,а,л,ь,ц,е,в,",", ,н,о, ,о,т, ,г,о,л,о,с,о,в,ы,х, ,к,о,м,а,н,д,",", ,ч,т,о, ,с,у,щ,е,с,т,в,е,н,н,о, ,у,с,к,о,р,и,т, ,и, ,у,п,р,о,с,т,и,т, ,л,ю,б,о,й, ,п,р,о,ц,е,с,с,., ,К, ,п,р,и,м,е,р,у,",", ,р,а,с,п,е,ч,а,т,к,а, ,к,а,к,и,х,-,л,и,б,о, ,б,л,а,н,к,о,в, ,в, ,г,о,с,у,д,а,р,с,т,в,е,н,н,ы,х, ,у,ч,р,е,ж,д,е,н,и,я,х,.,"
","
"
"
",П,а,р,т,н,е,р,о,м, ,т,р,е,т,ь,е,й, ,м,е,ж,б,а,н,к,о,в,с,к,о,й, ,а,к,с,е,л,е,р,а,ц,и,о,н,н,о,й, ,п,р,о,г,р,а,м,м,ы, ,B,a,n,k,t,e,c,h, ,3,.,0,",", ,о,р,г,а,н,и,з,о,в,а,н,н,о,й, ,к,о,м,п,а,н,и,е,й, ,«,Ф,и,н,т,е,х, ,Л,а,б,», ,с,т,а,л, ,«,Г,а,з,п,р,о,м,б,а,н,к,»,"
",П,р,о,г,р,а,м,м,а, ,т,р,е,т,ь,е,г,о, ,м,е,ж,б,а,н,к,о,в,с,к,о,г,о, ,а,к,с,е,л,е,р,а,т,о,р,а, ,B,a,n,k,t,e,c,h, ,3,.,0, ,с,т,а,р,т,у,е,т, ,в, ,к,о,н,ц,е, ,а,п,р,е,л,я, ,2,0,1,9, ,г,о,д,а, ,и, ,п,р,о,д,л,и,т,с,я, ,1,2, ,н,е,д,е,л,ь,., ,П,о,д,а,т,ь, ,з,а,я,в,к,у, ,н,а, ,у,ч,а,с,т,и,е, ,м,о,ж,н,о, ,д,о, ,2,2, ,а,п,р,е,л,я, ,н,а, ,с,а,й,т,е, ,а,к,с,е,л,е,р,а,ц,и,о,н,н,о,й, ,п,р,о,г,р,а,м,м,ы,., ,В, ,р,е,з,у,л,ь,т,а,т,е, ,с,о,т,р,у,д,н,и,ч,е,с,т,в,а, ,п,л,а,н,и,р,у,е,т,с,я, ,з,а,п,у,с,т,и,т,ь, ,п,и,л,о,т,н,ы,й, ,п,р,о,е,к,т, ,в, ,о,б,л,а,с,т,и, ,ф,и,н,т,е,х,а,",", ,р,а,з,р,а,б,о,т,а,н,н,ы,й, ,с,т,а,р,т,а,п,о,м, ,п,р,и, ,п,р,я,м,о,м, ,в,з,а,и,м,о,д,е,й,с,т,в,и,и, ,с, ,б,а,н,к,о,м,-,п,а,р,т,н,е,р,о,м,.,"
","
",К,а,к, ,с,о,о,б,щ,и,л,и, ,о,р,г,а,н,и,з,а,т,о,р,ы,",", ,п,р,и,о,р,и,т,е,т,н,ы,м,и, ,н,а,п,р,а,в,л,е,н,и,я,м,и, ,о,т,б,о,р,а, ,с,т,а,р,т,а,п,о,в, ,в, ,а,к,с,е,л,е,р,а,т,о,р, ,я,в,л,я,ю,т,с,я,:,"
","
",р,о,б,о,т,и,з,а,ц,и,я, ,р,а,б,о,т,ы, ,с, ,в,х,о,д,я,щ,и,м,и, ,и, ,и,с,х,о,д,я,щ,и,м,и, ,к,о,м,м,у,н,и,к,а,ц,и,я,м,и, ,с, ,к,л,и,е,н,т,а,м,и,",", ,ч,а,т,-,б,о,т,ы, ,и, ,п,л,а,т,ф,о,р,м,ы, ,д,л,я, ,и,х, ,с,о,з,д,а,н,и,я,;,"
",п,о,и,с,к, ,п,о,т,е,н,ц,и,а,л,ь,н,ы,х, ,к,л,и,е,н,т,о,в, ,с, ,п,о,м,о,щ,ь,ю, ,ц,и,ф,р,о,в,ы,х, ,к,а,н,а,л,о,в,;,"
",с,к,о,р,и,н,г,о,в,ы,е, ,р,е,ш,е,н,и,я,;,"
",б,и,о,м,е,т,р,и,ч,е,с,к,а,я, ,и,д,е,н,т,и,ф,и,к,а,ц,и,я,;,"
",с,е,р,в,и,с,ы, ,д,л,я, ,м,а,л,о,г,о, ,и, ,с,р,е,д,н,е,г,о, ,б,и,з,н,е,с,а,",", ,р,и,с,к,-,п,р,о,ф,и,л,и,р,о,в,а,н,и,е, ,к,л,и,е,н,т,о,в,",", ,в, ,т,о,м, ,ч,и,с,л,е, ,ю,р,и,д,и,ч,е,с,к,и,х, ,л,и,ц,.,"
",«,Ц,и,ф,р,о,в,и,з,а,ц,и,я, ,б,а,н,к,о,в,с,к,о,г,о, ,б,и,з,н,е,с,а, ,—, ,в,а,ж,н,а,я, ,с,о,с,т,а,в,л,я,ю,щ,а,я, ,с,о,в,р,е,м,е,н,н,о,й, ,ф,и,н,а,н,с,о,в,о,й, ,о,р,г,а,н,и,з,а,ц,и,и,., ,«,Г,а,з,п,р,о,м,б,а,н,к,», ,с, ,и,н,т,е,р,е,с,о,м, ,в,ы,с,т,у,п,а,е,т, ,у,ч,а,с,т,н,и,к,о,м, ,а,к,с,е,л,е,р,а,ц,и,о,н,н,о,й, ,п,р,о,г,р,а,м,м,ы,",", ,в, ,р,е,з,у,л,ь,т,а,т,е, ,к,о,т,о,р,о,й, ,м,ы, ,п,л,а,н,и,р,у,е,м, ,у,л,у,ч,ш,и,т,ь, ,п,р,о,д,у,к,т,ы, ,и, ,с,е,р,в,и,с,ы, ,б,а,н,к,а,",", ,а, ,т,а,к,ж,е, ,н,а,й,т,и, ,н,о,в,ы,е, ,т,е,х,н,о,л,о,г,и,ч,е,с,к,и,е, ,р,е,ш,е,н,и,я,»,",", ,—, ,р,а,с,с,к,а,з,а,л,а, ,н,а,ч,а,л,ь,н,и,к, ,Д,е,п,а,р,т,а,м,е,н,т,а, ,и,н,ф,о,р,м,а,ц,и,о,н,н,о,-,т,е,х,н,о,л,о,г,и,ч,е,с,к,и,х, ,и,н,н,о,в,а,ц,и,й, ,«,Г,а,з,п,р,о,м,б,а,н,к,а,», ,Е,к,а,т,е,р,и,н,а, ,Ф,р,о,л,о,в,и,ч,е,в,а,.,"
"
"
",I,n,s,t,a,g,r,a,m, ,м,о,ж,е,т, ,н,а,ч,а,т,ь, ,с,к,р,ы,в,а,т,ь, ,к,о,л,и,ч,е,с,т,в,о, ,л,а,й,к,о,в,"
","
",С,о,ц,и,а,л,ь,н,у,ю, ,с,е,т,ь, ,I,n,s,t,a,g,r,a,m,",", ,в,о,з,м,о,ж,н,о,",", ,ж,д,у,т, ,с,е,р,ь,е,з,н,ы,е, ,и,з,м,е,н,е,н,и,я,.,"
",О,б, ,э,т,о,м, ,в, ,с,в,о,е,м, ,а,к,к,а,у,н,т,е, ,в, ,T,w,i,t,t,e,r, ,н,а,п,и,с,а,л,а, ,Д,ж,е,й,н, ,М,а,н,ь,ч,у,н, ,В,о,н,г,",", ,с,п,е,ц,и,а,л,и,с,т, ,п,о, ,и,с,с,л,е,д,о,в,а,н,и,ю, ,п,р,и,л,о,ж,е,н,и,й,.,"
",Т,а,к,",", ,у,к,а,з,а,л,а, ,э,к,с,п,е,р,т,",", ,I,n,s,t,a,g,r,a,m, ,в, ,б,л,и,ж,а,й,ш,е,е, ,в,р,е,м,я, ,м,о,ж,е,т, ,н,а,ч,а,т,ь, ,с,к,р,ы,в,а,т,ь, ,к,о,л,и,ч,е,с,т,в,о, ,л,а,й,к,о,в,",", ,к,о,т,о,р,ы,е, ,п,о,д, ,т,о,й, ,и,л,и, ,и,н,о,й, ,з,а,п,и,с,ь,ю, ,п,о,с,т,а,в,и,л,и, ,п,о,л,ь,з,о,в,а,т,е,л,и, ,с,о,ц,с,е,т,и,.,"
",П,р,и,м,е,ч,а,т,е,л,ь,н,о,",", ,ч,т,о, ,в, ,р,у,к,о,в,о,д,с,т,в,е, ,п,о,п,у,л,я,р,н,о,й, ,с,о,ц,и,а,л,ь,н,о,й, ,с,е,т,и, ,я,к,о,б,ы, ,с,о,г,л,а,с,н,ы, ,с, ,т,е,м,",", ,ч,т,о, ,п,е,р,е,м,е,н,ы, ,н,а,з,р,е,л,и,., ,Т,а,м, ,г,о,в,о,р,я,т,",", ,ч,т,о, ,д,е,й,с,т,в,и,т,е,л,ь,н,о, ,н,а,с,т,а,л,о, ,в,р,е,м,я, ,о,ц,е,н,и,в,а,т,ь, ,к,о,н,т,е,н,т, ,п,о, ,е,г,о, ,к,а,ч,е,с,т,в,у,",", ,а, ,н,е, ,п,о, ,к,о,л,и,ч,е,с,т,в,у, ,л,а,й,к,о,в,., ,"
"
"
",Ф,А,С, ,в,ы,р,а,б,о,т,а,е,т, ,н,о,в,ы,е, ,п,о,д,х,о,д,ы, ,к, ,р,а,с,с,м,о,т,р,е,н,и,ю, ,а,н,т,и,к,о,н,к,у,р,е,н,т,н,о,г,о, ,п,о,в,е,д,е,н,и,я, ,в, ,и,н,т,е,р,н,е,т,е,"
",В, ,в,е,д,о,м,с,т,в,е, ,о,т,м,е,т,и,л,и,",", ,ч,т,о, ,в, ,е,г,о, ,п,о,л,е, ,з,р,е,н,и,я, ,в,с,е, ,ч,а,щ,е, ,п,о,п,а,д,а,ю,т, ,с,л,у,ч,а,и, ,н,е,д,о,б,р,о,с,о,в,е,с,т,н,о,г,о, ,п,о,в,е,д,е,н,и,я, ,в, ,э,л,е,к,т,р,о,н,н,о,й,",", ,и,н,ф,о,р,м,а,ц,и,о,н,н,о,й, ,с,р,е,д,е,",", ,"""",з,а,ч,а,с,т,у,ю, ,н,е, ,и,м,е,ю,щ,и,е, ,а,н,а,л,о,г,о,в, ,в, ,п,р,о,ш,л,о,м,"""","
","
",М,О,С,К,В,А,",", ,1,9, ,а,п,р,е,л,я,., ,/,Т,А,С,С,/,., ,Ф,е,д,е,р,а,л,ь,н,а,я, ,а,н,т,и,м,о,н,о,п,о,л,ь,н,а,я, ,с,л,у,ж,б,а, ,Р,о,с,с,и,и, ,с,ч,и,т,а,е,т, ,н,е,о,б,х,о,д,и,м,ы,м, ,в,ы,р,а,б,о,т,а,т,ь, ,н,о,в,ы,е, ,п,о,д,х,о,д,ы, ,к, ,р,а,с,с,м,о,т,р,е,н,и,ю, ,д,е,л, ,о, ,н,е,д,о,б,р,о,с,о,в,е,с,т,н,о,й, ,к,о,н,к,у,р,е,н,ц,и,и, ,к,о,м,п,а,н,и,й, ,в, ,и,н,т,е,р,н,е,т,е,., ,О,б, ,э,т,о,м, ,с,о,о,б,щ,а,е,т,с,я, ,н,а, ,о,ф,и,ц,и,а,л,ь,н,о,м, ,с,а,й,т,е, ,в,е,д,о,м,с,т,в,а, ,п,о, ,и,т,о,г,а,м, ,з,а,с,е,д,а,н,и,я, ,М,е,т,о,д,и,ч,е,с,к,о,г,о, ,с,о,в,е,т,а,.,"
","
","""",С, ,у,ч,е,т,о,м, ,в,с,е, ,б,о,л,ь,ш,е,г,о, ,о,б,ъ,е,м,а, ,ц,и,ф,р,о,в,и,з,а,ц,и,и, ,э,к,о,н,о,м,и,к,и, ,в, ,п,о,л,е, ,з,р,е,н,и,я, ,Ф,А,С, ,в,с,е, ,ч,а,щ,е, ,п,о,п,а,д,а,ю,т, ,с,л,у,ч,а,и, ,н,е,д,о,б,р,о,с,о,в,е,с,т,н,о,г,о, ,п,о,в,е,д,е,н,и,я, ,в, ,э,л,е,к,т,р,о,н,н,о,й,",", ,и,н,ф,о,р,м,а,ц,и,о,н,н,о,й, ,с,р,е,д,е,",", ,з,а,ч,а,с,т,у,ю, ,н,е, ,и,м,е,ю,щ,и,е, ,а,н,а,л,о,г,о,в, ,в, ,п,р,о,ш,л,о,м,., ,В, ,э,т,о,й, ,с,в,я,з,и, ,а,н,т,и,м,о,н,о,п,о,л,ь,н,ы,е, ,о,р,г,а,н,ы, ,в,ы,р,а,б,а,т,ы,в,а,ю,т, ,н,о,в,ы,е, ,п,о,д,х,о,д,ы, ,к, ,р,а,с,с,м,о,т,р,е,н,и,ю, ,а,н,т,и,к,о,н,к,у,р,е,н,т,н,о,г,о, ,п,о,в,е,д,е,н,и,я, ,у,ч,а,с,т,н,и,к,о,в, ,р,ы,н,к,о,в,",", ,в, ,т,о,м, ,ч,и,с,л,е, ,т,а,к,и,х,",", ,к,о,т,о,р,ы,е,",", ,н,е, ,я,в,л,я,я,с,ь, ,п,р,я,м,ы,м,и, ,к,о,н,к,у,р,е,н,т,а,м,и,",", ,с,о,з,д,а,ю,т, ,с,в,о,и,м,и, ,д,е,й,с,т,в,и,я,м,и, ,о,г,р,а,н,и,ч,е,н,и,е, ,к,о,н,к,у,р,е,н,ц,и,и,"""",",", ,-, ,г,о,в,о,р,и,т,с,я, ,в, ,с,о,о,б,щ,е,н,и,и,.,"
","
",Т,а,к,",", ,з,а,м,г,л,а,в,ы, ,Ф,А,С, ,А,н,д,р,е,й, ,К,а,ш,е,в,а,р,о,в,",", ,ч,ь,и, ,с,л,о,в,а, ,п,р,и,в,о,д,я,т,с,я, ,в, ,з,а,я,в,л,е,н,и,и, ,в,е,д,о,м,с,т,в,а,",", ,п,р,и,в,е,л, ,в, ,п,р,и,м,е,р, ,к,о,н,к,у,р,е,н,ц,и,ю, ,а,г,р,е,г,а,т,о,р,о,в, ,т,а,к,с,и,",", ,к,о,г,д,а, ,о,д,н,о, ,п,р,и,л,о,ж,е,н,и,е, ,п,р,е,п,я,т,с,т,в,у,е,т, ,п,р,а,в,и,л,ь,н,о,й, ,р,а,б,о,т,е, ,д,р,у,г,о,г,о,",", ,о,г,р,а,н,и,ч,и,в,а,я, ,т,е,м, ,с,а,м,ы,м, ,в,о,з,м,о,ж,н,о,с,т,ь, ,в,ы,б,о,р,а, ,д,л,я, ,в,о,д,и,т,е,л,е,й,.,"
","
","""",В, ,д,а,н,н,о,м, ,с,л,у,ч,а,е, ,р,е,ч,ь, ,и,д,е,т, ,о, ,н,е,в,о,з,м,о,ж,н,о,с,т,и, ,о,д,н,о,в,р,е,м,е,н,н,о,г,о, ,и,с,п,о,л,ь,з,о,в,а,н,и,я, ,э,л,е,к,т,р,о,н,н,о,й, ,с,и,с,т,е,м,ы, ,и, ,п,р,и,л,о,ж,е,н,и,я, ,н,а, ,у,с,т,р,о,й,с,т,в,а,х, ,в,о,д,и,т,е,л,е,й, ,т,а,к,с,и,",", ,с, ,п,о,м,о,щ,ь,ю, ,к,о,т,о,р,ы,х, ,о,н,и, ,о,с,у,щ,е,с,т,в,л,я,ю,т, ,п,о,и,с,к, ,и, ,п,р,и,е,м, ,з,а,к,а,з,о,в,., ,М,ы, ,с,ч,и,т,а,е,м,",", ,ч,т,о, ,т,а,к,а,я, ,п,р,и,н,у,д,и,т,е,л,ь,н,а,я, ,б,л,о,к,и,р,о,в,к,а, ,п,о,л,ь,з,о,в,а,т,е,л,е,й, ,о,д,н,о,г,о, ,п,р,и,л,о,ж,е,н,и,я, ,д,р,у,г,и,м, ,с,о,д,е,р,ж,и,т, ,п,р,и,з,н,а,к,и, ,о,г,р,а,н,и,ч,е,н,и,я, ,к,о,н,к,у,р,е,н,ц,и,и, ,"""",",", ,-, ,п,о,д,ч,е,р,к,н,у,л, ,о,н,.,"
","
",В, ,с,в,о,ю, ,о,ч,е,р,е,д,ь, ,з,а,м,г,л,а,в,ы, ,Ф,А,С, ,А,н,д,р,е,й, ,Г,о,л,о,м,о,л,з,и,н, ,н,а,п,о,м,н,и,л, ,о, ,т,о,м,",", ,ч,т,о, ,и,м,е,н,н,о, ,в, ,ц,е,л,я,х, ,б,о,р,ь,б,ы, ,с, ,а,н,т,и,к,о,н,к,у,р,е,н,т,н,ы,м, ,п,о,в,е,д,е,н,и,е,м, ,к,о,м,п,а,н,и,й, ,в, ,и,н,т,е,р,н,е,т,е, ,в,е,д,о,м,с,т,в,о, ,н,а,к,а,н,у,н,е, ,в,о,з,б,у,д,и,л,о, ,д,е,л,о, ,в, ,о,т,н,о,ш,е,н,и,и, ,с,е,р,в,и,с,о,в, ,п,о, ,п,о,и,с,к,у, ,р,а,б,о,т,ы, ,H,e,a,d,H,u,n,t,e,r,",", ,S,u,p,e,r,j,o,b, ,и, ,R,a,b,o,t,a,.,r,u, ,и,з,-,з,а, ,т,о,г,о,",", ,ч,т,о, ,о,н,и, ,о,г,р,а,н,и,ч,и,в,а,л,и, ,и,с,п,о,л,ь,з,о,в,а,н,и,е, ,п,р,о,г,р,а,м,м,н,о,г,о, ,о,б,е,с,п,е,ч,е,н,и,я, ,п,о, ,а,в,т,о,м,а,т,и,з,и,р,о,в,а,н,н,о,м,у, ,п,о,д,б,о,р,у, ,п,е,р,с,о,н,а,л,а,., ,П,о, ,с,л,о,в,а,м, ,Г,о,л,о,м,о,л,з,и,н,а,",", ,Ф,А,С, ,я,в,л,я,е,т,с,я, ,с,т,о,р,о,н,н,и,к,о,м, ,т,а,к,и,х, ,т,е,х,н,и,ч,е,с,к,и,х, ,и, ,п,р,о,г,р,а,м,м,н,ы,х, ,р,е,ш,е,н,и,й, ,н,а, ,ц,и,ф,р,о,в,ы,х, ,р,ы,н,к,а,х,",", ,"""",к,о,т,о,р,ы,е, ,н,е, ,п,р,и,в,о,д,я,т, ,к, ,о,г,р,а,н,и,ч,е,н,и,ю, ,п,р,а,в,а, ,в,ы,б,о,р,а, ,п,о,т,р,е,б,и,т,е,л,е,й, ,и, ,н,е, ,с,о,з,д,а,ю,т, ,и,с,к,у,с,с,т,в,е,н,н,ы,х, ,п,р,е,п,я,т,с,т,в,и,й, ,д,л,я, ,н,о,в,ы,х, ,и,г,р,о,к,о,в, ,н,а, ,р,ы,н,к,е, ,и, ,п,о,я,в,л,е,н,и,я, ,н,о,в,ы,х, ,р,а,з,р,а,б,о,т,а,н,н,ы,х, ,п,р,о,д,у,к,т,о,в,"""",.,"
","
","""",Ф,А,С, ,н,е, ,м,о,ж,е,т, ,н,е, ,о,б,р,а,щ,а,т,ь, ,в,н,и,м,а,н,и,е, ,н,а, ,п,о,д,о,б,н,ы,е, ,к,е,й,с,ы,",", ,п,р,и,ч,е,м, ,о,н,и, ,с, ,к,а,ж,д,ы,м, ,р,а,з,о,м, ,с,т,а,н,о,в,я,т,с,я, ,в,с,е, ,с,л,о,ж,н,е,е, ,и, ,и,з,о,щ,р,е,н,н,е,е,., ,К, ,т,о,м,у, ,ж,е, ,в, ,с,в,я,з,и, ,с, ,ц,и,ф,р,о,в,и,з,а,ц,и,е,й, ,и, ,б,ы,с,т,р,о, ,м,е,н,я,ю,щ,е,й,с,я, ,д,е,й,с,т,в,и,т,е,л,ь,н,о,с,т,ь,ю, ,н,е, ,в,с,е, ,д,е,й,с,т,в,и,я, ,у,ч,а,с,т,н,и,к,о,в, ,р,ы,н,к,а, ,п,о,д,п,а,д,а,ю,т, ,п,о,д, ,с,о,о,т,в,е,т,с,т,в,у,ю,щ,и,е, ,н,о,р,м,а,т,и,в,н,о,е, ,р,е,г,у,л,и,р,о,в,а,н,и,е,., ,О,д,н,а,к,о, ,б,л,а,г,о,д,а,р,я, ,с,о,с,т,о,я,в,ш,е,м,у,с,я, ,д,е,т,а,л,ь,н,о,м,у, ,и, ,п,л,о,д,о,т,в,о,р,н,о,м,у, ,о,б,с,у,ж,д,е,н,и,ю,",", ,у,в,е,р,е,н,",", ,р,е,ш,е,н,и,е, ,н,а,й,д,е,т,с,я,"""",",", ,-, ,п,о,д,в,е,л, ,с,о, ,с,в,о,е,й, ,с,т,о,р,о,н,ы, ,и,т,о,г, ,з,а,с,е,д,а,н,и,я, ,М,е,т,о,д,и,ч,е,с,к,о,г,о, ,с,о,в,е,т,а, ,е,г,о, ,п,р,е,д,с,е,д,а,т,е,л,ь,",", ,з,а,м,г,л,а,в,ы, ,Ф,А,С, ,А,н,д,р,е,й, ,Ц,ы,г,а,н,о,в,.,"
"
"
",И,н,ф,о,р,м,а,ц,и,о,н,н,ы,й, ,п,о,р,т,а,л, ,L,i,f,e,#,Т,е,х,н,о,л,о,г,и,и, ,с,о,с,т,а,в,и,л, ,р,е,й,т,и,н,г, ,и,з, ,п,я,т,и, ,п,у,г,а,ю,щ,и,х, ,и,н,н,о,в,а,ц,и,й,",", ,к,о,т,о,р,ы,е, ,м,о,г,у,т, ,н,е,с,т,и, ,н,е, ,т,о,л,ь,к,о, ,п,о,л,ь,з,у, ,м,и,р,у,",", ,н,о, ,и, ,п,о,т,е,н,ц,и,а,л,ь,н,у,ю, ,о,п,а,с,н,о,с,т,ь, ,ч,е,л,о,в,е,ч,е,с,т,в,у,.,"
","
",П,е,р,в,у,ю, ,с,т,р,о,ч,к,у, ,з,а,н,я,л,а, ,с,и,с,т,е,м,а, ,р,а,с,п,о,з,н,а,в,а,н,и,я, ,л,и,ц,., ,Ж,у,р,н,а,л,и,с,т,ы, ,в,ы,ш,е,у,к,а,з,а,н,н,о,г,о, ,и,з,д,а,н,и,я, ,о,т,м,е,ч,а,ю,т,",", ,ч,т,о, ,д,а,н,н,а,я, ,т,е,х,н,о,л,о,г,и,я, ,н,е,о,б,х,о,д,и,м,а, ,д,л,я, ,о,т,с,л,е,ж,и,в,а,н,и,я, ,и, ,п,о,и,м,к,и, ,п,р,е,с,т,у,п,н,и,к,о,в,",", ,о,д,н,а,к,о, ,и,з,-,з,а, ,н,е,е, ,л,ю,д,и, ,л,и,ш,а,ю,т,с,я, ,п,р,а,в,а, ,н,а, ,л,и,ч,н,о,е, ,п,р,о,с,т,р,а,н,с,т,в,о,",", ,т,а,к, ,к,а,к, ,к,а,ж,д,ы,й, ,и,х, ,ш,а,г, ,б,у,д,е,т, ,и,з,в,е,с,т,е,н, ,з,а,р,а,н,е,е,.,"
","
",П,о,р,т,а,л, ,т,а,к,ж,е, ,о,т,м,е,т,и,л, ,а,к,т,и,в,н,о,е, ,р,а,з,в,и,т,и,е, ,и,с,к,у,с,с,т,в,е,н,н,о,г,о, ,и,н,т,е,л,л,е,к,т,а, ,и, ,а,л,г,о,р,и,т,м,о,в,",", ,в, ,ч,а,с,т,н,о,с,т,и, ,G,o,o,g,l,e,",", ,у,м,е,ю,щ,е,г,о, ,д,о,п,о,л,н,я,т,ь, ,п,о,и,с,к,о,в,ы,е, ,з,а,п,р,о,с,ы,",", ,а, ,т,а,к,ж,е, ,U,b,e,r,",", ,с,т,р,о,я,щ,е,г,о, ,м,а,р,ш,р,у,т, ,в,м,е,с,т,о, ,в,о,д,и,т,е,л,я,., ,А,в,т,о,р,ы, ,с,т,а,т,ь,и, ,о,п,а,с,а,ю,т,с,я,",", ,ч,т,о, ,в, ,б,у,д,у,щ,е,м, ,л,ю,д,и, ,п,е,р,е,с,т,а,н,у,т, ,п,о,н,и,м,а,т,ь,",", ,к,а,к,и,е, ,р,е,ш,е,н,и,я, ,п,р,и,н,и,м,а,ю,т, ,о,н,и,",", ,а, ,к,а,к,и,е, ,м,а,ш,и,н,ы,.,"
","
",П,о,м,и,м,о, ,т,о,г,о,",", ,п,о,с,о,в,е,т,о,в,а,л,и, ,о,с,т,е,р,е,г,а,т,ь,с,я, ,ц,и,ф,р,о,в,ы,х, ,м,о,д,е,л,е,й,",", ,к,о,т,о,р,ы,е, ,в, ,п,о,с,л,е,д,н,е,е, ,в,р,е,м,я, ,п,о,л,у,ч,и,л,и, ,м,а,с,с,о,в,о,е, ,р,а,с,п,р,о,с,т,р,а,н,е,н,и,е,., ,Н,а,п,р,и,м,е,р,",", ,G,o,o,g,l,e, ,D,u,p,l,e,x,",", ,с,п,о,с,о,б,н,ы,й, ,з,а,б,р,о,н,и,р,о,в,а,т,ь, ,н,о,м,е,р, ,в, ,о,т,е,л,е, ,и,л,и, ,с,а,м,о,с,т,о,я,т,е,л,ь,н,о, ,к,у,п,и,т,ь, ,б,и,л,е,т, ,в, ,к,и,н,о,.,"
","
",П,о,р,т,а,л, ,н,е, ,з,а,б,ы,л, ,и, ,п,р,о, ,п,р,о,т,и,в,о,р,е,ч,и,я,",", ,с,в,я,з,а,н,н,ы,е, ,с, ,р,е,д,а,к,т,и,р,о,в,а,н,и,е, ,Д,Н,К,., ,Н,а,п,р,и,м,е,р,",", ,и,н,и,ц,и,а,т,и,в,а, ,у,ч,е,н,ы,х, ,и,з, ,К,и,т,а,я,",", ,к,о,т,о,р,ы,е, ,п,р,и,м,е,н,и,л,и, ,т,е,х,н,о,л,о,г,и,и, ,и,з,м,е,н,е,н,и,я, ,Д,Н,К, ,д,л,я, ,в,ы,р,а,б,о,т,к,и, ,и,м,м,у,н,и,т,е,т,а, ,к, ,С,П,И,Д,у,.,"
","
",В, ,з,а,к,л,ю,ч,е,н,и,и, ,в,ы,ш,е,у,к,а,з,а,н,н,о,е, ,и,з,д,а,н,и,е, ,о,т,м,е,ч,а,е,т,",", ,ч,т,о, ,к,о,м,п,а,н,и,я, ,A,m,a,z,o,n, ,з,а,п,а,т,е,н,т,о,в,а,л,а, ,б,р,а,с,л,е,т,",", ,к,о,т,о,р,ы,й, ,и,с,п,о,л,ь,з,у,е,т, ,т,а,к,т,и,л,ь,н,у,ю, ,о,б,р,а,т,н,у,ю, ,с,в,я,з,ь,., ,Э,т,о, ,с,в,и,д,е,т,е,л,ь,с,т,в,у,е,т, ,о, ,т,о,м,",", ,ч,т,о, ,«,т,е,п,е,р,ь, ,с,л,е,ж,к,а, ,в,ы,х,о,д,и,т, ,н,а, ,н,о,в,ы,й, ,у,р,о,в,е,н,ь,»,",", ,п,о,д,ч,е,р,к,и,в,а,ю,т, ,а,в,т,о,р,ы, ,с,т,а,т,ь,и,.,.,.,.,"
","
"
"
",П,а,р,т,н,е,р,о,м, ,т,р,е,т,ь,е,й, ,м,е,ж,б,а,н,к,о,в,с,к,о,й, ,а,к,с,е,л,е,р,а,ц,и,о,н,н,о,й, ,п,р,о,г,р,а,м,м,ы, ,B,a,n,k,t,e,c,h, ,3,.,0,",", ,о,р,г,а,н,и,з,о,в,а,н,н,о,й, ,к,о,м,п,а,н,и,е,й, ,«,Ф,и,н,т,е,х, ,Л,а,б,», ,с,т,а,л, ,«,Г,а,з,п,р,о,м,б,а,н,к,»,"
",П,р,о,г,р,а,м,м,а, ,т,р,е,т,ь,е,г,о, ,м,е,ж,б,а,н,к,о,в,с,к,о,г,о, ,а,к,с,е,л,е,р,а,т,о,р,а, ,B,a,n,k,t,e,c,h, ,3,.,0, ,с,т,а,р,т,у,е,т, ,в, ,к,о,н,ц,е, ,а,п,р,е,л,я, ,2,0,1,9, ,г,о,д,а, ,и, ,п,р,о,д,л,и,т,с,я, ,1,2, ,н,е,д,е,л,ь,., ,П,о,д,а,т,ь, ,з,а,я,в,к,у, ,н,а, ,у,ч,а,с,т,и,е, ,м,о,ж,н,о, ,д,о, ,2,2, ,а,п,р,е,л,я, ,н,а, ,с,а,й,т,е, ,а,к,с,е,л,е,р,а,ц,и,о,н,н,о,й, ,п,р,о,г,р,а,м,м,ы,., ,В, ,р,е,з,у,л,ь,т,а,т,е, ,с,о,т,р,у,д,н,и,ч,е,с,т,в,а, ,п,л,а,н,и,р,у,е,т,с,я, ,з,а,п,у,с,т,и,т,ь, ,п,и,л,о,т,н,ы,й, ,п,р,о,е,к,т, ,в, ,о,б,л,а,с,т,и, ,ф,и,н,т,е,х,а,",", ,р,а,з,р,а,б,о,т,а,н,н,ы,й, ,с,т,а,р,т,а,п,о,м, ,п,р,и, ,п,р,я,м,о,м, ,в,з,а,и,м,о,д,е,й,с,т,в,и,и, ,с, ,б,а,н,к,о,м,-,п,а,р,т,н,е,р,о,м,.,"
","
",К,а,к, ,с,о,о,б,щ,и,л,и, ,о,р,г,а,н,и,з,а,т,о,р,ы,",", ,п,р,и,о,р,и,т,е,т,н,ы,м,и, ,н,а,п,р,а,в,л,е,н,и,я,м,и, ,о,т,б,о,р,а, ,с,т,а,р,т,а,п,о,в, ,в, ,а,к,с,е,л,е,р,а,т,о,р, ,я,в,л,я,ю,т,с,я,:,"
","
",р,о,б,о,т,и,з,а,ц,и,я, ,р,а,б,о,т,ы, ,с, ,в,х,о,д,я,щ,и,м,и, ,и, ,и,с,х,о,д,я,щ,и,м,и, ,к,о,м,м,у,н,и,к,а,ц,и,я,м,и, ,с, ,к,л,и,е,н,т,а,м,и,",", ,ч,а,т,-,б,о,т,ы, ,и, ,п,л,а,т,ф,о,р,м,ы, ,д,л,я, ,и,х, ,с,о,з,д,а,н,и,я,;,"
",п,о,и,с,к, ,п,о,т,е,н,ц,и,а,л,ь,н,ы,х, ,к,л,и,е,н,т,о,в, ,с, ,п,о,м,о,щ,ь,ю, ,ц,и,ф,р,о,в,ы,х, ,к,а,н,а,л,о,в,;,"
",с,к,о,р,и,н,г,о,в,ы,е, ,р,е,ш,е,н,и,я,;,"
",б,и,о,м,е,т,р,и,ч,е,с,к,а,я, ,и,д,е,н,т,и,ф,и,к,а,ц,и,я,;,"
",с,е,р,в,и,с,ы, ,д,л,я, ,м,а,л,о,г,о, ,и, ,с,р,е,д,н,е,г,о, ,б,и,з,н,е,с,а,",", ,р,и,с,к,-,п,р,о,ф,и,л,и,р,о,в,а,н,и,е, ,к,л,и,е,н,т,о,в,",", ,в, ,т,о,м, ,ч,и,с,л,е, ,ю,р,и,д,и,ч,е,с,к,и,х, ,л,и,ц,.,"
",«,Ц,и,ф,р,о,в,и,з,а,ц,и,я, ,б,а,н,к,о,в,с,к,о,г,о, ,б,и,з,н,е,с,а, ,—, ,в,а,ж,н,а,я, ,с,о,с,т,а,в,л,я,ю,щ,а,я, ,с,о,в,р,е,м,е,н,н,о,й, ,ф,и,н,а,н,с,о,в,о,й, ,о,р,г,а,н,и,з,а,ц,и,и,., ,«,Г,а,з,п,р,о,м,б,а,н,к,», ,с, ,и,н,т,е,р,е,с,о,м, ,в,ы,с,т,у,п,а,е,т, ,у,ч,а,с,т,н,и,к,о,м, ,а,к,с,е,л,е,р,а,ц,и,о,н,н,о,й, ,п,р,о,г,р,а,м,м,ы,",", ,в, ,р,е,з,у,л,ь,т,а,т,е, ,к,о,т,о,р,о,й, ,м,ы, ,п,л,а,н,и,р,у,е,м, ,у,л,у,ч,ш,и,т,ь, ,п,р,о,д,у,к,т,ы, ,и, ,с,е,р,в,и,с,ы, ,б,а,н,к,а,",", ,а, ,т,а,к,ж,е, ,н,а,й,т,и, ,н,о,в,ы,е, ,т,е,х,н,о,л,о,г,и,ч,е,с,к,и,е, ,р,е,ш,е,н,и,я,»,",", ,—, ,р,а,с,с,к,а,з,а,л,а, ,н,а,ч,а,л,ь,н,и,к, ,Д,е,п,а,р,т,а,м,е,н,т,а, ,и,н,ф,о,р,м,а,ц,и,о,н,н,о,-,т,е,х,н,о,л,о,г,и,ч,е,с,к,и,х, ,и,н,н,о,в,а,ц,и,й, ,«,Г,а,з,п,р,о,м,б,а,н,к,а,», ,Е,к,а,т,е,р,и,н,а, ,Ф,р,о,л,о,в,и,ч,е,в,а,.,"
"
"
",С,и,с,т,е,м,а, ,«,А,в,т,о,Г,Р,А,Ф,», ,и,н,т,е,г,р,и,р,о,в,а,н,а, ,с, ,с,и,с,т,е,м,о,й, ,S,m,a,r,t, ,T,r,u,c,k,s,"
","
",С,и,с,т,е,м,а, ,S,m,a,r,t, ,T,r,u,c,k,s, ,п,р,е,д,н,а,з,н,а,ч,е,н,а, ,д,л,я, ,р,а,с,п,р,е,д,е,л,е,н,и,я, ,г,р,у,з,о,в, ,и, ,м,о,д,е,л,и,р,о,в,а,н,и,я, ,л,о,г,и,с,т,и,ч,е,с,к,и,х, ,с,х,е,м,., ,Е,ё, ,г,л,а,в,н,а,я, ,о,с,о,б,е,н,н,о,с,т,ь, ,з,а,к,л,ю,ч,а,е,т,с,я, ,в, ,а,д,а,п,т,и,в,н,о,м, ,п,л,а,н,и,р,о,в,а,н,и,и, ,з,а,я,в,о,к, ,и, ,р,е,с,у,р,с,о,в, ,к,о,м,п,а,н,и,и,-,п,е,р,е,в,о,з,ч,и,к,а,",", ,ч,т,о, ,п,о,з,в,о,л,я,е,т, ,с,о,б,л,ю,д,а,т,ь, ,с,р,о,к,и, ,в,ы,п,о,л,н,е,н,и,я, ,з,а,я,в,о,к,",", ,о,п,т,и,м,а,л,ь,н,о, ,р,а,с,п,р,е,д,е,л,я,т,ь, ,з,а,г,р,у,з,к,у, ,в,о,д,и,т,е,л,я,",", ,м,и,н,и,м,и,з,и,р,о,в,а,т,ь, ,п,р,о,б,е,г, ,и, ,п,о,в,ы,ш,а,т,ь, ,п,р,и,б,ы,л,ь,.,"
","
",Д,а,н,н,ы,е, ,м,о,н,и,т,о,р,и,н,г,а, ,т,р,а,н,с,п,о,р,т,а, ,с,л,у,ж,а,т, ,д,л,я, ,S,m,a,r,t, ,T,r,u,c,k,s, ,о,с,н,о,в,н,ы,м, ,и,с,т,о,ч,н,и,к,о,м, ,и,н,ф,о,р,м,а,ц,и,и, ,о, ,т,е,к,у,щ,е,й, ,р,а,б,о,т,е, ,т,р,а,н,с,п,о,р,т,н,ы,х, ,с,р,е,д,с,т,в, ,в, ,п,р,о,ц,е,с,с,е, ,в,ы,п,о,л,н,е,н,и,я, ,з,а,к,а,з,о,в,., ,П,о,э,т,о,м,у, ,р,а,з,р,а,б,о,т,ч,и,к,и, ,п,р,о,г,р,а,м,м,н,о,г,о, ,к,о,м,п,л,е,к,с,а, ,п,р,е,д,ъ,я,в,л,я,ю,т, ,ж,е,с,т,к,и,е, ,т,р,е,б,о,в,а,н,и,я, ,к, ,к,а,ч,е,с,т,в,у, ,и, ,н,а,д,ё,ж,н,о,с,т,и, ,т,е,л,е,м,а,т,и,ч,е,с,к,о,г,о, ,о,б,о,р,у,д,о,в,а,н,и,я,., ,В, ,с,в,о,ю, ,о,ч,е,р,е,д,ь,",", ,б,о,р,т,о,в,ы,е, ,к,о,н,т,р,о,л,л,е,р,ы, ,«,А,в,т,о,Г,Р,А,Ф,», ,п,о,л,н,о,с,т,ь,ю, ,о,т,в,е,ч,а,ю,т, ,э,т,и,м, ,т,р,е,б,о,в,а,н,и,я,м, ,и, ,–, ,з,а, ,с,ч,ё,т, ,р,а,з,р,а,б,о,т,а,н,н,о,г,о, ,м,о,д,у,л,я, ,и,н,т,е,г,р,а,ц,и,и, ,–, ,у,с,п,е,ш,н,о, ,п,е,р,е,д,а,ю,т, ,д,а,н,н,ы,е, ,Г,Л,О,Н,А,С,С,/,G,P,S,-,к,о,н,т,р,о,л,я, ,в, ,S,m,a,r,t, ,T,r,u,c,k,s,.,"
","
",С,е,г,о,д,н,я, ,н,а, ,о,с,н,о,в,е, ,с,п,у,т,н,и,к,о,в,ы,х, ,д,а,н,н,ы,х,",", ,п,о,с,т,у,п,а,ю,щ,и,х, ,о,т, ,т,е,л,е,м,а,т,и,ч,е,с,к,о,г,о, ,о,б,о,р,у,д,о,в,а,н,и,я, ,«,А,в,т,о,Г,Р,А,Ф,»,",", ,п,о,л,ь,з,о,в,а,т,е,л,и, ,S,m,a,r,t, ,T,r,u,c,k,s, ,м,о,г,у,т,:, ,к,о,н,т,р,о,л,и,р,о,в,а,т,ь, ,ф,а,к,т,и,ч,е,с,к,о,е, ,м,е,с,т,о,п,о,л,о,ж,е,н,и,е, ,о,б,ъ,е,к,т,о,в, ,с, ,о,т,о,б,р,а,ж,е,н,и,е,м, ,н,а, ,э,л,е,к,т,р,о,н,н,о,й, ,к,а,р,т,е,",", ,о,п,р,е,д,е,л,я,т,ь, ,ф,а,к,т,и,ч,е,с,к,о,е, ,в,р,е,м,я, ,в,ы,п,о,л,н,е,н,и,я, ,к,а,ж,д,о,й, ,о,п,е,р,а,ц,и,и,",", ,п,р,о,с,м,а,т,р,и,в,а,т,ь, ,и,с,т,о,р,и,ю, ,п,е,р,е,д,в,и,ж,е,н,и,я, ,о,б,ъ,е,к,т,о,в, ,з,а, ,л,ю,б,о,й, ,п,р,о,м,е,ж,у,т,о,к, ,в,р,е,м,е,н,и,",", ,о,ц,е,н,и,в,а,т,ь, ,с,о,с,т,о,я,н,и,е, ,р,е,с,у,р,с,о,в, ,(,п,р,о,б,е,г,",", ,п,о,г,р,у,з,к,а,",", ,т,р,а,н,с,п,о,р,т,и,р,о,в,к,а,",", ,р,а,з,г,р,у,з,к,а, ,и, ,т,.,д,.,),",", ,п,о,л,у,ч,а,т,ь, ,о,п,е,р,а,т,и,в,н,ы,е, ,у,в,е,д,о,м,л,е,н,и,я, ,в, ,с,л,у,ч,а,я,х, ,о,т,к,л,о,н,е,н,и,я, ,т,р,а,н,с,п,о,р,т,а, ,о,т, ,з,а,п,л,а,н,и,р,о,в,а,н,н,о,г,о, ,м,а,р,ш,р,у,т,а, ,и, ,о, ,д,р,у,г,и,х, ,с,о,б,ы,т,и,я,х,.,"
","
",Б,л,а,г,о,д,а,р,я, ,к,а,ч,е,с,т,в,е,н,н,о,м,у, ,о,б,о,р,у,д,о,в,а,н,и,ю, ,м,а,р,к,и, ,«,А,в,т,о,Г,Р,А,Ф,»,",", ,р,у,к,о,в,о,д,и,т,е,л,и, ,и, ,д,и,с,п,е,т,ч,е,р,ы, ,п,о,л,у,ч,а,ю,т, ,т,о,ч,н,у,ю, ,и, ,о,б,ъ,е,к,т,и,в,н,у,ю, ,и,н,ф,о,р,м,а,ц,и,я, ,о, ,р,а,б,о,т,е, ,о,б,ъ,е,к,т,о,в, ,м,о,н,и,т,о,р,и,н,г,а,",", ,а, ,п,р,о,г,р,а,м,м,н,ы,е, ,и,н,с,т,р,у,м,е,н,т,ы, ,с,и,с,т,е,м,ы, ,S,m,a,r,t, ,T,r,u,c,k,s, ,п,о,з,в,о,л,я,ю,т, ,и,м, ,п,о,в,ы,ш,а,т,ь, ,э,ф,ф,е,к,т,и,в,н,о,с,т,ь, ,б,и,з,н,е,с,а, ,и, ,с,н,и,ж,а,т,ь, ,т,р,а,н,с,п,о,р,т,н,о,-,л,о,г,и,с,т,и,ч,е,с,к,и,е, ,з,а,т,р,а,т,ы,.,"
"
"
",O,n,e,P,l,u,s, ,7, ,з,а,п,у,щ,е,н, ,в, ,м,а,с,с,о,в,о,е, ,п,р,о,и,з,в,о,д,с,т,в,о,",", ,к, ,с,т,а,р,т,у, ,п,р,о,д,а,ж, ,о,б,е,щ,а,н,о, ,б,о,л,е,е, ,м,и,л,л,и,о,н,а, ,с,м,а,р,т,ф,о,н,о,в,"
",С,и,т,у,а,ц,и,я, ,с, ,н,е,д,о,с,т,а,т,к,о,м, ,с,м,а,р,т,ф,о,н,о,в,",", ,к,а,к, ,э,т,о, ,б,ы,л,о, ,с, ,X,i,a,o,m,i, ,M,i, ,9,",", ,п,о,в,т,о,р,и,т,ь,с,я, ,н,е, ,д,о,л,ж,н,а,"
",С,м,а,р,т,ф,о,н, ,O,n,e,P,l,u,s, ,7, ,ж,д,у,т, ,м,н,о,г,и,е, ,—, ,о,н,",", ,к,а,к, ,и, ,п,р,е,д,ш,е,с,т,в,е,н,н,и,к,и,",", ,д,о,л,ж,е,н, ,о,б,е,с,п,е,ч,и,т,ь, ,и,д,е,а,л,ь,н,ы,й, ,б,а,л,а,н,с, ,ц,е,н,ы,",", ,х,а,р,а,к,т,е,р,и,с,т,и,к, ,и, ,в,о,з,м,о,ж,н,о,с,т,е,й,., ,П,о,н,и,м,а,я, ,э,т,о,",", ,в, ,к,о,м,п,а,н,и,и, ,р,а,с,с,ч,и,т,ы,в,а,ю,т, ,с,о,з,д,а,т,ь, ,д,о,с,т,а,т,о,ч,н,ы,й, ,о,б,ъ,е,м, ,с,к,л,а,д,с,к,и,х, ,з,а,п,а,с,о,в, ,—, ,ч,т,о,б,ы, ,н,е, ,п,о,в,т,о,р,и,л,а,с,ь, ,с,и,т,у,а,ц,и,я, ,с, ,X,i,a,o,m,i, ,M,i, ,9,.,"
",П,о, ,с,л,о,в,а,м, ,г,л,а,в,ы, ,O,n,e,P,l,u,s, ,Л,ю, ,Ц,з,о,х,у, ,(,L,i,u, ,Z,u,o,h,u,),",", ,к,о,м,п,а,н,и,я, ,у,ж,е, ,п,р,и,с,т,у,п,и,л,а, ,к, ,м,а,с,с,о,в,о,м,у, ,п,р,о,и,з,в,о,д,с,т,в,у, ,O,n,e,P,l,u,s, ,7,",", ,п,р,и, ,э,т,о,м, ,о,б,ъ,е,м, ,с,к,л,а,д,с,к,и,х, ,з,а,п,а,с,о,в, ,к, ,м,о,м,е,н,т,у, ,с,т,а,р,т,а, ,п,р,о,д,а,ж, ,с,о,с,т,а,в,и,т, ,с,в,ы,ш,е, ,о,д,н,о,г,о, ,м,и,л,л,и,о,н,а, ,ш,т,у,к,., ,Т,а,к, ,ч,т,о, ,д,а,ж,е, ,о,ч,е,н,ь, ,б,о,л,ь,ш,о,й, ,с,п,р,о,с, ,б,у,д,е,т, ,у,д,о,в,л,е,т,в,о,р,е,н,",", ,и, ,в,с,е, ,ж,е,л,а,ю,щ,и,е, ,г,а,р,а,н,т,и,р,о,в,а,н,н,о, ,п,о,л,у,ч,а,т, ,с,в,о,и, ,с,м,а,р,т,ф,о,н,ы, ,с, ,п,е,р,в,о,г,о, ,д,н,я, ,с,т,а,р,т,а, ,п,р,о,д,а,ж,.,"
"
"
",L,G, ,п,р,е,д,с,т,а,в,и,л,а, ,с,и,с,т,е,м,у, ,«,У,м,н,ы,й, ,д,о,м,», ,и, ,н,о,в,и,н,к,и, ,б,ы,т,о,в,о,й, ,т,е,х,н,и,к,и, ,2,0,1,9, ,Д,о,б,а,в,л,е,н,о,:, ,1,9,.,0,4,.,2,0,1,9, ,|, ,Р,у,б,р,и,к,а,:, ,H,a,r,d,w,a,r,e,",", ,И,с,к,у,с,с,т,в,е,н,н,ы,й, ,и,н,т,е,л,л,е,к,т,",", ,Н,о,в,о,с,т,и, ,H,i,-,T,e,c,h,",", ,О, ,р,о,б,о,т,а,х,",", ,У,м,н,ы,е, ,в,е,щ,и, ,|, ,А,в,т,о,р,:, ,С,е,р,г,е,й, ,К,у,з,н,е,ц,о,в, ,П,р,о,ч,и,т,а,н,о,:, ,1,2,6,2, ,р,а,з,(,а,), ,(,1, ,г,о,л,о,с,о,в,",", ,с,р,е,д,н,е,е,:, ,5,",",0,0, ,и,з, ,5,), ,В, ,ц,е,н,т,р,е, ,б,и,з,н,е,с,-,и, ,с,п,о,р,т,и,в,н,о,г,о, ,к,л,а,с,т,е,р,а, ,«,В,Т,Б, ,А,р,е,н,а, ,П,а,р,к,»,",", ,в, ,о,т,е,л,е, ,H,y,a,t,t, ,R,e,g,e,n,c,y, ,M,o,s,c,o,w, ,P,e,t,r,o,v,s,k,y, ,P,a,r,k,",", ,L,G, ,E,l,e,c,t,r,o,n,i,c,s, ,п,р,е,д,с,т,а,в,и,л,а, ,ж,у,р,н,а,л,и,с,т,а,м,",", ,б,и,з,н,е,с,-,п,а,р,т,н,е,р,а,м, ,и, ,д,и,з,а,й,н,е,р,а,м, ,и,н,т,е,р,ь,е,р,о,в, ,р,е,ш,е,н,и,я, ,L,G, ,T,h,i,n,Q, ,A,I, ,в, ,о,б,л,а,с,т,и, ,и,с,к,у,с,с,т,в,е,н,н,о,г,о, ,и,н,т,е,л,л,е,к,т,а, ,и, ,и,н,т,е,р,н,е,т,а, ,в,е,щ,е,й,",", ,а, ,т,а,к,ж,е, ,п,р,е,м,и,а,л,ь,н,у,ю, ,а,у,д,и,о,",", ,в,и,д,е,о, ,и, ,б,ы,т,о,в,у,ю, ,т,е,х,н,и,к,у,., ,У,м,н,ы,й, ,д,о,м, ,—, ,п,о,п,у,л,я,р,н,о,е, ,и, ,в,о,с,т,р,е,б,о,в,а,н,н,о,е, ,р,е,ш,е,н,и,е, ,п,о, ,в,с,е,м,у, ,м,и,р,у,",", ,к,о,т,о,р,о,е, ,т,а,к,ж,е, ,п,о,с,т,е,п,е,н,н,о, ,п,р,о,н,и,к,а,е,т, ,в, ,ж,и,з,н,ь, ,р,о,с,с,и,я,н,., ,L,G, ,с,л,е,д,у,е,т, ,г,л,о,б,а,л,ь,н,ы,м, ,т,е,н,д,е,н,ц,и,я,м,",", ,п,р,е,д,с,т,а,в,л,я,я, ,с,и,с,т,е,м,у, ,L,G, ,T,h,i,n,Q, ,A,I,",", ,к,о,т,о,р,а,я, ,ч,е,р,е,з, ,W,i,-,F,i, ,с,о,е,д,и,н,е,н,и,я, ,о,б,ъ,е,д,и,н,я,е,т, ,в, ,с,е,б,е, ,в,с,е, ,у,с,т,р,о,й,с,т,в,а,",", ,п,р,о,и,з,в,о,д,и,м,ы,е, ,к,о,м,п,а,н,и,е,й,., ,Ц,е,н,т,р,а,л,ь,н,о,е, ,м,е,с,т,о, ,в, ,с,и,с,т,е,м,е, ,з,а,н,и,м,а,е,т, ,н,о,в,ы,й, ,т,е,л,е,в,и,з,о,р, ,н,а, ,п,л,а,т,ф,о,р,м,е, ,S,m,a,r,t, ,T,h,i,n,Q, ,A,I,",", ,к,о,т,о,р,ы,й, ,в,ы,с,т,у,п,а,е,т, ,в, ,к,а,ч,е,с,т,в,е, ,е,д,и,н,о,г,о, ,п,о,л,ь,з,о,в,а,т,е,л,ь,с,к,о,г,о, ,и,н,т,е,р,ф,е,й,с,а, ,д,л,я, ,к,о,н,с,о,л,и,д,а,ц,и,и, ,в,с,е,х, ,у,м,н,ы,х,-,у,с,т,р,о,й,с,т,в, ,в, ,д,о,м,е,., ,В,с,т,р,о,е,н,н,а,я, ,в, ,т,е,л,е,в,и,з,о,р, ,п,а,н,е,л,ь, ,у,п,р,а,в,л,е,н,и,я, ,у,м,н,ы,м, ,д,о,м,о,м, ,к,о,н,т,р,о,л,и,р,у,е,т, ,в,с,е, ,б,ы,т,о,в,ы,е, ,п,р,и,б,о,р,ы,",", ,н,а,х,о,д,я,щ,и,е,с,я, ,в, ,е,д,и,н,о,й, ,д,о,м,а,ш,н,е,й, ,с,е,т,и,., ,С, ,е,е, ,п,о,м,о,щ,ь,ю, ,г,о,л,о,с,о,в,ы,м,и, ,к,о,м,а,н,д,а,м,и, ,в,ы, ,м,о,ж,е,т,е, ,п,о,м,е,н,я,т,ь, ,т,е,м,п,е,р,а,т,у,р,у, ,в, ,х,о,л,о,д,и,л,ь,н,и,к,е,",", ,п,о,с,м,о,т,р,е,т,ь, ,с,т,а,т,у,с, ,р,а,б,о,т,ы, ,с,т,и,р,а,л,ь,н,о,й, ,м,а,ш,и,н,ы, ,и,л,и, ,L,G, ,S,t,y,l,e,r,",", ,в,к,л,ю,ч,и,т,ь,/,в,ы,к,л,ю,ч,и,т,ь, ,р,о,б,о,т,-,п,ы,л,е,с,о,с, ,и,л,и, ,о,т,п,р,а,в,и,т,ь, ,е,г,о, ,н,а, ,з,а,р,я,д,к,у,",", ,в,к,л,ю,ч,и,т,ь,/,в,ы,к,л,ю,ч,и,т,ь, ,о,ч,и,с,т,и,т,е,л,ь, ,в,о,з,д,у,х,а, ,и,л,и, ,п,о,м,е,н,я,т,ь, ,р,е,ж,и,м, ,р,а,б,о,т,ы, ,и, ,с,к,о,р,о,с,т,ь, ,в,е,н,т,и,л,я,т,о,р,а,",", ,п,р,о,в,е,р,и,т,ь, ,и,н,ф,о,р,м,а,ц,и,ю, ,п,о, ,п,ы,л,и,",", ,в,к,л,ю,ч,и,т,ь,/,в,ы,к,л,ю,ч,и,т,ь, ,к,о,н,д,и,ц,и,о,н,е,р,",", ,а, ,т,а,к,ж,е, ,п,о,м,е,н,я,т,ь, ,т,е,м,п,е,р,а,т,у,р,у, ,е,г,о, ,р,а,б,о,т,ы, ,и, ,м,о,щ,н,о,с,т,ь, ,п,о,т,о,к,а, ,в,о,з,д,у,х,а,., ,Т,е,м,у, ,р,а,з,в,и,т,и,я, ,и,с,к,у,с,с,т,в,е,н,н,о,г,о, ,и,н,т,е,л,л,е,к,т,а, ,п,о,д,д,е,р,ж,а,л,и, ,и, ,п,а,р,т,н,ё,р,ы, ,L,G,., ,«,И,с,к,у,с,с,т,в,е,н,н,ы,й, ,и,н,т,е,л,л,е,к,т, ,–, ,т,е,х,н,о,л,о,г,и,я, ,б,у,д,у,щ,е,г,о,",", ,к,о,т,о,р,а,я, ,с,о,в,с,е,м, ,с,к,о,р,о, ,к,а,ч,е,с,т,в,е,н,н,о, ,п,р,е,о,б,р,а,з,и,т, ,ж,и,з,н,ь, ,в,с,е,г,о, ,ч,е,л,о,в,е,ч,е,с,т,в,а,., ,И, ,у,ж,е, ,с,е,г,о,д,н,я, ,н,а,м, ,п,о,д,в,л,а,с,т,н,о, ,р,е,ш,е,н,и,е, ,м,н,о,г,и,х, ,з,а,д,а,ч, ,п,р,и, ,п,о,м,о,щ,и, ,а,л,г,о,р,и,т,м,о,в, ,о,б,у,ч,е,н,и,я,., ,Т,а,к,",", ,L,G, ,E,l,e,c,t,r,o,n,i,c,s, ,и,с,п,о,л,ь,з,у,е,т, ,г,л,у,б,и,н,н,о,е, ,о,б,у,ч,е,н,и,е, ,д,л,я, ,п,р,е,о,б,р,а,з,о,в,а,н,и,я, ,к,а,р,т,и,н,к,и, ,и, ,з,в,у,к,а, ,в, ,т,е,л,е,в,и,з,о,р,а,х, ,«,у,м,н,ы,м, ,с,п,о,с,о,б,о,м,»,",", ,а, ,«,Л,а,б,о,р,а,т,о,р,и,и, ,К,а,с,п,е,р,с,к,о,г,о,», ,п,р,и,м,е,н,я,е,т, ,м,е,т,о,д,ы, ,м,а,ш,и,н,н,о,г,о, ,о,б,у,ч,е,н,и,я, ,д,л,я, ,э,ф,ф,е,к,т,и,в,н,о,г,о, ,п,о,с,т,р,о,е,н,и,я, ,м,о,д,е,л,е,й,",", ,с,п,о,с,о,б,н,ы,х, ,а,в,т,о,м,а,т,и,ч,е,с,к,и, ,р,а,з,л,и,ч,а,т,ь, ,ч,и,с,т,ы,е, ,и, ,в,р,е,д,о,н,о,с,н,ы,е, ,ф,а,й,л,ы,»,",", ,–, ,р,а,с,с,к,а,з,ы,в,а,е,т, ,а,н,т,и,в,и,р,у,с,н,ы,й, ,э,к,с,п,е,р,т, ,«,Л,а,б,о,р,а,т,о,р,и,и, ,К,а,с,п,е,р,с,к,о,г,о,», ,А,л,е,к,с,е,й, ,М,а,л,а,н,о,в,",", ,п,р,и,н,я,в,ш,и,й, ,у,ч,а,с,т,и,е, ,в, ,к,о,н,ф,е,р,е,н,ц,и,и, ,«,Т,е,р,р,и,т,о,р,и,я, ,и,н,т,е,л,л,е,к,т,а, ,о,т, ,L,G,»,.,"
"
"
",Г,л,а,в,а, ,к,о,м,п,а,н,и,и, ,М,а,р,к, ,Р,е,й,б,е,р,т, ,п,р,е,д,с,т,а,в,и,л, ,ф,и,н,а,л,ь,н,у,ю, ,в,е,р,с,и,ю, ,ч,е,т,в,е,р,о,н,о,г,о,г,о, ,р,о,б,о,т,а,., ,S,p,o,t,M,i,n,i, ,с,т,а,н,е,т, ,п,е,р,в,ы,м, ,к,о,м,м,е,р,ч,е,с,к,и,м, ,п,р,о,д,у,к,т,о,м, ,к,о,м,п,а,н,и,и,",", ,к,у,п,и,т,ь, ,е,г,о, ,м,о,ж,н,о, ,б,у,д,е,т, ,у,ж,е, ,л,е,т,о,м,.,"
","
",Г,л,а,в,а, ,B,o,s,t,o,n, ,D,y,n,a,m,i,c,s, ,М,а,р,к, ,Р,е,й,б,е,р,т, ,з,а,я,в,и,л,",", ,ч,т,о, ,с,е,р,и,й,н,о,е, ,п,р,о,и,з,в,о,д,с,т,в,о, ,р,о,б,о,п,с,о,в, ,н,а,ч,н,е,т,с,я, ,в, ,и,ю,л,е, ,и,л,и, ,а,в,г,у,с,т,е, ,э,т,о,г,о, ,г,о,д,а,., ,В,с,е,г,о, ,з,а, ,2,0,1,9, ,к,о,м,п,а,н,и,я, ,н,а,м,е,р,е,н,а, ,в,ы,п,у,с,т,и,т,ь, ,о,к,о,л,о, ,с,о,т,н,и, ,S,p,o,t,M,i,n,i,., ,О,н,и, ,и, ,с,е,й,ч,а,с, ,с,х,о,д,я,т, ,с,о, ,с,б,о,р,о,ч,н,ы,х, ,л,и,н,и,й,",", ,н,о, ,п,о,к,а, ,э,т,о, ,б,е,т,а,-,в,е,р,с,и,и, ,д,л,я, ,т,е,с,т,и,р,о,в,а,н,и,я,., ,И,н,ж,е,н,е,р,ы, ,п,о,с,т,о,я,н,н,о, ,в,н,о,с,я,т, ,п,о,п,р,а,в,к,и,.,"
","
",М,о,ж,н,о, ,л,и, ,в, ,Р,о,с,с,и,и, ,з,а,р,а,б,о,т,а,т,ь, ,н,а, ,у,с,п,е,х,а,х, ,М,а,с,к,а, ,и, ,Б,е,з,о,с,а,.,"
",В,с,т,р,е,ч,а,й,т,е, ,н,а,ш, ,н,о,в,ы,й, ,п,р,о,е,к,т, ,-, ,р,а,с,с,ы,л,к,у, ,M,o,n,e,y,+,"
",С,о,з,д,а,т,е,л,и, ,у,т,в,е,р,ж,д,а,ю,т,",", ,ч,т,о, ,S,p,o,t,M,i,n,i, ,с,т,а,л, ,б,о,л,е,е, ,н,а,д,е,ж,н,ы,м,",", ,к,о,р,п,у,с, ,л,у,ч,ш,е, ,з,а,щ,и,щ,а,е,т, ,в,н,у,т,р,е,н,н,и,е, ,д,е,т,а,л,и, ,о,т, ,п,а,д,е,н,и,я,",", ,а, ,к,а,м,е,р,ы, ,т,е,п,е,р,ь, ,о,б,е,с,п,е,ч,и,в,а,ю,т, ,к,р,у,г,о,в,о,й, ,о,б,з,о,р,., ,Н,а, ,д,н,я,х, ,к,о,м,п,а,н,и,я, ,п,р,о,д,е,м,о,н,с,т,р,и,р,о,в,а,л,а, ,в,о,з,м,о,ж,н,о,с,т,и, ,р,о,б,о,п,с,о,в,",", ,з,а,с,т,а,в,и,в, ,и,х, ,т,а,щ,и,т,ь, ,в, ,у,п,р,я,ж,к,е, ,г,р,у,з,о,в,и,к,.,"
","
",К,р,о,м,е, ,т,о,г,о,",", ,у, ,р,о,б,о,т,а, ,е,с,т,ь, ,р,у,к,а,",", ,к,о,т,о,р,у,ю, ,ч,а,с,т,о, ,о,ш,и,б,о,ч,н,о, ,п,р,и,н,и,м,а,ю,т, ,з,а, ,е,г,о, ,г,о,л,о,в,у, ,и, ,к,о,т,о,р,а,я, ,с,т,а,б,и,л,и,з,и,р,о,в,а,н,а, ,в, ,п,р,о,с,т,р,а,н,с,т,в,е,",", ,т,о, ,е,с,т,ь, ,м,о,ж,е,т, ,о,с,т,а,в,а,т,ь,с,я, ,н,е,п,о,д,в,и,ж,н,о,й,",", ,п,о,к,а, ,в,е,с,ь, ,р,о,б,о,т, ,д,в,и,г,а,е,т,с,я,., ,З,а, ,с,ч,е,т, ,э,т,о,г,о, ,о,б,е,с,п,е,ч,и,в,а,е,т,с,я, ,г,и,б,к,о,с,т,ь, ,в, ,в,ы,п,о,л,н,е,н,и,и, ,м,н,о,г,и,х, ,з,а,д,а,ч,.,"
","
",Р,е,й,б,е,р,т, ,н,а,д,е,е,т,с,я,",", ,ч,т,о, ,S,p,o,t,M,i,n,i, ,с,т,а,н,е,т, ,«,А,н,д,р,о,и,д,о,м, ,с,р,е,д,и, ,р,о,б,о,т,о,в,»,",", ,а, ,р,а,з,р,а,б,о,т,ч,и,к,и, ,б,у,д,у,т, ,п,и,с,а,т,ь, ,д,л,я, ,н,е,г,о, ,п,р,и,л,о,ж,е,н,и,я,., ,И,н,ф,о,р,м,а,ц,и,я, ,о, ,ц,е,н,е, ,п,о,я,в,и,т,с,я, ,л,е,т,о,м,",", ,п,и,ш,е,т, ,T,e,c,h,C,r,u,n,c,h,.,"
",S,p,o,t,M,i,n,i, ,—, ,п,е,р,в,ы,й, ,к,о,м,м,е,р,ч,е,с,к,и,й, ,р,о,б,о,т, ,B,o,s,t,o,n, ,D,y,n,a,m,i,c,s,",", ,н,о, ,н,е, ,п,о,с,л,е,д,н,и,й,., ,К,о,м,п,а,н,и,я, ,н,а,м,е,р,е,н,а, ,п,р,о,д,в,и,г,а,т,ь, ,н,а, ,р,ы,н,к,е, ,р,о,б,о,т,а, ,H,a,n,d,l,e,",", ,н,а,п,о,м,и,н,а,ю,щ,е,г,о, ,п,т,и,ц,у, ,с, ,к,о,л,е,с,а,м,и, ,и, ,с,п,о,с,о,б,н,о,г,о, ,п,о,д,н,и,м,а,т,ь, ,к,о,р,о,б,к,и, ,в,е,с,о,м, ,д,о, ,1,5, ,к,г,., ,А,в,т,о,н,о,м,н,ы,е, ,с,к,л,а,д,с,к,и,е, ,м,а,ш,и,н,ы, ,с,е,й,ч,а,с, ,в, ,т,р,е,н,д,е,., ,В,о,з,м,о,ж,н,о,",", ,A,m,a,z,o,n, ,п,р,и,г,о,д,и,т,с,я, ,н,о,в,ы,й, ,р,о,б,о,т,",", ,к,о,т,о,р,ы,й, ,н,е, ,с,т,а,н,е,т, ,т,р,а,в,и,т,ь, ,я,д,о,м, ,с,о,т,р,у,д,н,и,к,о,в,.,"
"
"
",В, ,С,Ш,А, ,и, ,Ю,ж,н,о,й, ,К,о,р,е,е, ,з,а,п,у,с,т,и,л,и, ,п,е,р,в,ы,е, ,к,о,м,м,е,р,ч,е,с,к,и,е, ,м,о,б,и,л,ь,н,ы,е, ,с,е,т,и, ,5,G,., ,И,х, ,с,к,о,р,о,с,т,ь, ,и, ,с,т,а,б,и,л,ь,н,о,с,т,ь, ,п,о,з,в,о,л,я,т, ,с,о,з,д,а,т,ь, ,н,а,с,т,о,я,щ,и,й, ,и, ,п,о,л,н,о,ц,е,н,н,ы,й, ,и,н,т,е,р,н,е,т, ,в,е,щ,е,й,., ,Н,о, ,в, ,э,т,о,м, ,с,л,у,ч,а,е, ,м,ы, ,п,е,р,е,л,о,ж,и,м, ,н,а, ,т,е,х,н,и,к,у, ,е,щ,ё, ,б,о,л,ь,ш,е, ,з,а,б,о,т, ,и, ,з,а,д,а,ч,",", ,с,т,а,н,е,м, ,о,к,о,н,ч,а,т,е,л,ь,н,о, ,з,а,в,и,с,и,м,ы, ,о,т, ,у,с,т,р,о,й,с,т,в,., ,И, ,ч,т,о, ,т,о,г,д,а, ,б,у,д,е,т,",", ,е,с,л,и, ,м,о,б,и,л,ь,н,ы,е, ,с,е,т,и, ,в,н,е,з,а,п,н,о, ,о,т,к,л,ю,ч,а,т,с,я,?, ,А, ,в,е,д,ь, ,о,н,и, ,м,о,г,у,т,.,"
","
",П,о, ,с,т,а,т,и,с,т,и,к,е,",", ,п,о,д,а,в,л,я,ю,щ,е,е, ,б,о,л,ь,ш,и,н,с,т,в,о, ,у,с,т,р,о,й,с,т,в,",", ,п,о,д,к,л,ю,ч,ё,н,н,ы,х, ,к, ,м,о,б,и,л,ь,н,о,й, ,с,в,я,з,и, ,и, ,и,н,т,е,р,н,е,т,у,",", ,-, ,э,т,о, ,с,м,а,р,т,ф,о,н,ы,., ,Н,о, ,у,ж,е, ,с,е,г,о,д,н,я, ,с,и,м,-,к,а,р,т,ы, ,и, ,м,о,д,е,м,ы, ,в,с,т,р,о,е,н,ы, ,т,а,к,ж,е, ,и, ,в, ,б,ы,т,о,в,у,ю, ,т,е,х,н,и,к,у,",", ,а,в,т,о,м,о,б,и,л,и,",", ,п,р,о,т,е,з,ы,…, ,С,о,г,л,а,с,н,о, ,э,к,с,п,е,р,т,н,ы,м, ,п,р,о,г,н,о,з,а,м,",", ,у,ж,е, ,в, ,2,0,2,0, ,г,о,д,у, ,"""",у,м,н,ы,е, ,у,с,т,р,о,й,с,т,в,а,"""", ,п,р,е,в,з,о,й,д,у,т, ,ч,и,с,л,о,м, ,т,е,л,е,ф,о,н,ы, ,и, ,П,К, ,н,а, ,н,е,с,к,о,л,ь,к,о, ,м,и,л,л,и,а,р,д,о,в,.,"
","
",Э,т,о, ,п,о,з,в,о,л,и,т, ,п,о,в,с,е,м,е,с,т,н,о, ,с,о,з,д,а,в,а,т,ь, ,п,о,л,н,о,ц,е,н,н,у,ю, ,и,н,ф,р,а,с,т,р,у,к,т,у,р,у, ,и,з, ,с,м,а,р,т,-,д,е,в,а,й,с,о,в,:, ,у,м,н,ы,й, ,д,о,м,",", ,п,о,д,к,о,н,т,р,о,л,ь,н,у,ю, ,г,о,р,о,д,с,к,у,ю, ,с,р,е,д,у,., ,Н,о, ,в,с,е, ,о,н,и, ,р,у,х,н,у,т, ,в, ,с,л,у,ч,а,е, ,о,т,к,л,ю,ч,е,н,и,я, ,м,о,б,и,л,ь,н,о,й, ,с,в,я,з,и, ,и, ,и,н,т,е,р,н,е,т,а,., ,И, ,ч,е,м, ,б,о,л,ь,ш,у,ю, ,т,е,р,р,и,т,о,р,и,ю, ,н,а,к,р,о,е,т, ,п,о,д,о,б,н,ы,й, ,б,л,э,к,а,у,т,",", ,т,е,м, ,б,о,л,ь,ш,е, ,б,у,д,е,т, ,м,а,с,ш,т,а,б, ,к,а,т,а,с,т,р,о,ф,ы,.,"
","
"
"
",Д,а,н,и,я, ,н,а,ч,а,л,а, ,с,л,е,д,и,т,ь, ,з,а, ,с,о,д,е,р,ж,а,н,и,е,м, ,с,е,р,ы, ,в, ,в,ы,х,л,о,п,н,ы,х, ,г,а,з,а,х, ,с,у,д,о,в,",", ,п,р,о,х,о,д,я,щ,и,х, ,ч,е,р,е,з, ,Б,о,л,ь,ш,о,й, ,Б,е,л,ь,т,",", ,с, ,п,о,м,о,щ,ь,ю, ,б,е,с,п,и,л,о,т,н,о,г,о, ,л,е,т,а,т,е,л,ь,н,о,г,о, ,а,п,п,а,р,а,т,а,., ,О,б, ,э,т,о,м, ,с,о,о,б,щ,а,е,т, ,D,r,o,n,e,D,J, ,с,о, ,с,с,ы,л,к,о,й, ,н,а, ,Е,в,р,о,п,е,й,с,к,о,е, ,а,г,е,н,т,с,т,в,о, ,м,о,р,с,к,о,й, ,б,е,з,о,п,а,с,н,о,с,т,и, ,(,E,M,S,A,),.,"
","
",В,ы,х,л,о,п,н,ы,е, ,г,а,з,ы, ,к,о,р,а,б,л,е,й, ,—, ,о,д,и,н, ,и,з, ,к,р,у,п,н,е,й,ш,и,х, ,и,с,т,о,ч,н,и,к,о,в, ,в,ы,б,р,о,с,о,в, ,в, ,а,т,м,о,с,ф,е,р,у,., ,Ш,и,р,о,к,о, ,и,з,в,е,с,т,н,а, ,с,т,а,т,ь,я, ,T,h,e, ,G,u,a,r,d,i,a,n,",", ,о,п,у,б,л,и,к,о,в,а,н,н,а,я, ,в, ,2,0,0,9, ,г,о,д,у,",", ,в, ,к,о,т,о,р,о,й, ,г,о,в,о,р,и,л,о,с,ь,",", ,ч,т,о, ,1,5, ,к,р,у,п,н,е,й,ш,и,х, ,с,у,д,о,в, ,п,о, ,в,ы,б,р,о,с,а,м, ,с,о,п,о,с,т,а,в,и,м,ы, ,с,о, ,в,с,е,м,и, ,а,в,т,о,м,о,б,и,л,я,м,и, ,м,и,р,а,., ,О,д,н,а, ,и,з, ,г,л,а,в,н,ы,х, ,п,р,о,б,л,е,м, ,с, ,в,ы,х,л,о,п,н,ы,м,и, ,г,а,з,а,м,и, ,с,у,д,о,в, ,з,а,к,л,ю,ч,а,е,т,с,я, ,в, ,в,ы,с,о,к,о,м, ,с,о,д,е,р,ж,а,н,и,и, ,с,е,р,ы,:, ,в, ,м,а,з,у,т,е,",", ,к,о,т,о,р,ы,й, ,и,с,п,о,л,ь,з,у,е,т,с,я, ,в, ,к,а,ч,е,с,т,в,е, ,т,о,п,л,и,в,а,",", ,е,е, ,с,о,д,е,р,ж,а,н,и,е, ,н,а, ,т,р,и, ,п,о,р,я,д,к,а, ,в,ы,ш,е,",", ,ч,е,м, ,в, ,д,и,з,е,л,ь,н,о,м, ,т,о,п,л,и,в,е,.,"
","
",Д,л,я, ,к,о,н,т,р,о,л,я, ,з,а, ,с,о,д,е,р,ж,а,н,и,е,м, ,с,е,р,ы, ,в, ,в,ы,х,л,о,п,н,ы,х, ,г,а,з,а,х, ,с,у,д,о,в,",", ,п,р,о,х,о,д,я,щ,и,х, ,ч,е,р,е,з, ,п,р,о,л,и,в, ,Б,о,л,ь,ш,о,й, ,Б,е,л,ь,т,",", ,д,а,т,ч,а,н,е, ,р,е,ш,и,л,и, ,и,с,п,о,л,ь,з,о,в,а,т,ь, ,с,и,с,т,е,м,у, ,м,о,н,и,т,о,р,и,н,г,а,",", ,у,с,т,а,н,о,в,л,е,н,н,у,ю, ,н,а, ,б,е,с,п,и,л,о,т,н,о,м, ,л,е,т,а,т,е,л,ь,н,о,м, ,а,п,п,а,р,а,т,е,., ,Д,р,о,н, ,с,л,е,д,у,е,т, ,з,а, ,с,у,д,а,м,и, ,н,а, ,р,а,с,с,т,о,я,н,и,и, ,о,к,о,л,о, ,1,0,0, ,м,е,т,р,о,в, ,и, ,п,о,с,т,о,я,н,н,о, ,п,е,р,е,д,а,е,т, ,в,и,д,е,о,п,о,т,о,к, ,с, ,к,а,м,е,р,ы, ,и, ,д,а,н,н,ы,е, ,о, ,с,о,д,е,р,ж,а,н,и,и, ,с,е,р,ы, ,в, ,в,ы,х,л,о,п,н,ы,х, ,г,а,з,а,х,;, ,п,о,д,р,о,б,н,о,с,т,е,й, ,о,б, ,и,с,п,о,л,ь,з,у,е,м,о,м, ,м,е,т,о,д,е, ,о,ц,е,н,к,и, ,с,о,д,е,р,ж,а,н,и,я, ,с,е,р,ы, ,н,е, ,с,о,о,б,щ,а,е,т,с,я,., ,Д,л,я, ,о,ц,е,н,к,и, ,в,ы,б,р,о,с,о,в, ,с, ,о,д,н,о,г,о, ,с,у,д,н,а, ,у, ,б,е,с,п,и,л,о,т,н,и,к,а, ,у,х,о,д,и,т, ,о,т, ,п,я,т,и, ,д,о, ,д,е,с,я,т,и, ,м,и,н,у,т,.,"
","
",И,н,т,е,р,ф,е,й,с, ,с,и,с,т,е,м,ы, ,м,о,н,и,т,о,р,и,н,г,а,",", ,в, ,н,и,ж,н,е,й, ,ч,а,с,т,и, ,в,и,д,е,н, ,в,и,д,е,о,п,о,т,о,к, ,с, ,к,а,м,е,р,ы, ,б,е,с,п,и,л,о,т,н,и,к,а,.,"
","
",С,и,с,т,е,м,а, ,м,о,н,и,т,о,р,и,н,г,а, ,у,с,т,а,н,о,в,л,е,н,а, ,н,а, ,ш,в,е,д,с,к,о,м, ,б,е,с,п,и,л,о,т,н,и,к,е, ,S,k,e,l,d,a,r, ,V,-,2,0,0,",", ,р,а,з,р,а,б,о,т,а,н,н,о,м, ,S,a,a,b,., ,Ч,е,т,ы,р,е,х,м,е,т,р,о,в,ы,й, ,д,р,о,н, ,с, ,м,а,к,с,и,м,а,л,ь,н,о,й, ,в,з,л,е,т,н,о,й, ,м,а,с,с,о,й, ,в, ,2,3,5, ,к,и,л,о,г,р,а,м,м, ,м,о,ж,е,т, ,б,р,а,т,ь, ,н,а, ,б,о,р,т, ,г,р,у,з, ,м,а,с,с,о,й, ,д,о, ,4,0, ,к,и,л,о,г,р,а,м,м,., ,V,-,2,0,0, ,с,п,о,с,о,б,е,н, ,н,а,х,о,д,и,т,с,я, ,в, ,в,о,з,д,у,х,е, ,д,о, ,ш,е,с,т,и, ,ч,а,с,о,в,",", ,м,а,к,с,и,м,а,л,ь,н,а,я, ,с,к,о,р,о,с,т,ь, ,л,е,т,а,т,е,л,ь,н,о,г,о, ,а,п,п,а,р,а,т,а, ,с,о,с,т,а,в,л,я,е,т, ,1,4,0, ,к,и,л,о,м,е,т,р,о,в, ,в, ,ч,а,с,., ,"
",Р,а,н,е,е, ,м,ы, ,р,а,с,с,к,а,з,ы,в,а,л,и, ,о, ,т,о,м,",", ,к,а,к, ,р,о,с,с,и,й,с,к,и,е, ,х,и,м,и,к,и, ,р,а,з,р,а,б,о,т,а,л,и, ,г,и,б,р,и,д,н,ы,й, ,к,а,т,а,л,и,з,а,т,о,р, ,д,л,я, ,о,к,и,с,л,е,н,и,я, ,у,г,а,р,н,о,г,о, ,г,а,з,а,",", ,с,о,с,т,о,я,щ,и,й, ,и,з, ,г,е,к,с,а,г,о,н,а,л,ь,н,о,г,о, ,н,и,т,р,и,д,а, ,б,о,р,а, ,и, ,с,е,р,е,б,р,я,н,ы,х, ,н,а,н,о,ч,а,с,т,и,ц,., ,Э,т,о,т, ,м,а,т,е,р,и,а,л, ,п,о,з,в,о,л,я,е,т, ,д,о,б,и,т,ь,с,я, ,п,о,л,н,о,й, ,к,о,н,в,е,р,с,и,и, ,м,о,н,о,о,к,с,и,д,а, ,у,г,л,е,р,о,д,а, ,в,с,е,г,о, ,п,р,и, ,1,9,4, ,г,р,а,д,у,с,а,х, ,Ц,е,л,ь,с,и,я,.,"
"
"
",B,r,a,n,d, ,A,n,a,l,y,t,i,c,s,",", ,п,р,о,е,к,т, ,у,ч,а,с,т,н,и,к,а, ,«,С,к,о,л,к,о,в,о,», ,–, ,к,о,м,п,а,н,и,и, ,«,П,а,л,и,т,р,у,м,л,а,б,»,",", ,р,а,з,р,а,б,о,т,а,л, ,и, ,в,н,е,д,р,и,л, ,в, ,с,в,о,ю, ,а,н,а,л,и,т,и,ч,е,с,к,у,ю, ,с,и,с,т,е,м,у, ,т,е,х,н,о,л,о,г,и,ю, ,а,в,т,о,м,а,т,и,ч,е,с,к,о,г,о, ,в,ы,я,в,л,е,н,и,я, ,а,г,р,е,с,с,и,и, ,в, ,с,о,ц,и,а,л,ь,н,ы,х, ,м,е,д,и,а,., ,Р,а,з,р,а,б,о,т,к,а, ,п,р,и,м,е,н,я,е,т,с,я, ,д,л,я, ,р,а,н,н,е,г,о, ,о,б,н,а,р,у,ж,е,н,и,я, ,о,ч,а,г,о,в, ,н,а,п,р,я,ж,е,н,и,я, ,в, ,и,н,ф,о,п,о,л,е, ,в,о,к,р,у,г, ,б,р,е,н,д,о,в,",", ,р,е,г,и,о,н,о,в,",", ,т,е,м,а,т,и,к, ,и, ,п,е,р,с,о,н,",", ,в,ы,я,в,л,я,е,т, ,и,с,т,о,ч,н,и,к,и,",", ,п,р,и,ч,и,н,ы, ,и, ,н,а,п,р,а,в,л,е,н,н,о,с,т,ь, ,а,г,р,е,с,с,и,и,.,"
","
",К,и,б,е,р,б,у,л,л,и,н,г,",", ,п,р,о,ц,в,е,т,а,ю,щ,и,й, ,в, ,с,о,ц,с,е,т,я,х,",", ,р,а,з,д,р,а,ж,а,е,т, ,м,н,о,г,и,х,",", ,а, ,н,е,т,а,б,у,и,р,о,в,а,н,н,а,я, ,а,г,р,е,с,с,и,я, ,с,т,а,н,о,в,и,т,с,я, ,о,д,н,о,й, ,и,з, ,г,л,а,в,н,ы,х, ,п,р,о,б,л,е,м, ,э,т,о,г,о, ,п,р,о,с,т,р,а,н,с,т,в,а,., ,И,н,т,е,р,н,е,т,-,т,р,а,в,л,я, ,н,а,с,т,и,г,а,е,т, ,и, ,о,т,д,е,л,ь,н,ы,х, ,л,ю,д,е,й,",", ,и, ,ц,е,л,ы,е, ,к,о,р,п,о,р,а,ц,и,и,",", ,у,щ,е,р,б, ,к,о,т,о,р,ы,х, ,в,с,е, ,ч,а,щ,е, ,и,з,м,е,р,я,е,т,с,я, ,м,и,л,л,и,о,н,н,ы,м,и, ,у,б,ы,т,к,а,м,и,.,"
","
",П,о,д, ,а,г,р,е,с,с,и,е,й, ,п,о,н,и,м,а,е,т,с,я, ,н,а,п,р,а,в,л,е,н,н,о,е, ,в,о,з,д,е,й,с,т,в,и,е, ,н,а, ,о,б,ъ,е,к,т, ,с, ,ц,е,л,ь,ю, ,н,а,н,е,с,т,и, ,е,м,у, ,у,щ,е,р,б,., ,П,р,е,ж,д,е, ,в,с,е,г,о,",", ,э,т,о, ,н,а,м,е,р,е,н,н,о,е, ,с,н,и,ж,е,н,и,е, ,с,т,а,т,у,с,а, ,с,у,б,ъ,е,к,т,а, ,и,л,и, ,о,б,ъ,е,к,т,а, ,с,о,о,б,щ,е,н,и,я,., ,П,о, ,о,б,щ,е,п,р,и,н,я,т,о,й, ,к,л,а,с,с,и,ф,и,к,а,ц,и,и, ,к, ,а,г,р,е,с,с,и,и, ,о,т,н,о,с,я,т, ,х,а,р,а,с,м,е,н,т,",", ,р,а,с,и,з,м,",", ,с,е,к,с,и,з,м,",", ,т,р,о,л,л,и,н,г,",", ,к,и,б,е,р,б,у,л,л,и,н,г, ,(,з,а,п,у,г,и,в,а,н,и,е,),",", ,и, ,т,.,д,.,"
","
",Е,с,л,и, ,ч,а,с,т,н,о,м,у, ,л,и,ц,у, ,в, ,з,а,щ,и,т,е, ,о,т, ,в,и,р,т,у,а,л,ь,н,ы,х, ,т,р,о,л,л,е,й, ,п,о,м,о,г,а,е,т, ,с,о,б,л,ю,д,е,н,и,е, ,н,е,с,л,о,ж,н,ы,х, ,п,р,а,в,и,л, ,и,н,ф,о,р,м,а,ц,и,о,н,н,о,й, ,г,и,г,и,е,н,ы,",", ,б,и,з,н,е,с,у, ,у,ж,е, ,н,е, ,о,б,о,й,т,и,с,ь, ,б,е,з, ,«,с,и,г,н,а,л,ь,н,о,й, ,с,и,с,т,е,м,ы,»,",", ,в,о,в,р,е,м,я, ,в,ы,я,в,л,я,ю,щ,е,й, ,о,ч,а,г,и, ,н,а,п,р,я,ж,е,н,н,о,с,т,и, ,в,о,к,р,у,г, ,к,о,м,п,а,н,и,и, ,и, ,б,р,е,н,д,а,.,"
","
",Т,е,х,н,о,л,о,г,и,я, ,а,в,т,о,м,а,т,и,ч,е,с,к,о,г,о, ,в,ы,я,в,л,е,н,и,я, ,а,г,р,е,с,с,и,и, ,в, ,р,у,с,с,к,о,я,з,ы,ч,н,ы,х, ,с,о,ц,м,е,д,и,а, ,B,r,a,n,d, ,A,n,a,l,y,t,i,c,s,",", ,п,о, ,з,а,я,в,л,е,н,и,ю, ,п,р,е,д,с,т,а,в,и,т,е,л,е,й, ,к,о,м,п,а,н,и,и,-,р,а,з,р,а,б,о,т,ч,и,к,а,",", ,я,в,л,я,е,т,с,я, ,у,н,и,к,а,л,ь,н,о,й, ,д,л,я, ,Р,о,с,с,и,и,., ,С,о,в,р,е,м,е,н,н,ы,е, ,а,л,г,о,р,и,т,м,ы,",", ,и,с,п,о,л,ь,з,о,в,а,н,н,ы,е, ,в, ,с,и,с,т,е,м,е, ,B,r,a,n,d, ,A,n,a,l,y,t,i,c,s,",", ,п,о,з,в,о,л,я,ю,т, ,н,е, ,т,о,л,ь,к,о, ,в,ы,я,в,и,т,ь, ,п,о,т,е,н,ц,и,а,л,ь,н,ы,е, ,у,г,р,о,з,ы,",", ,н,о, ,и, ,о,п,р,е,д,е,л,и,т,ь, ,т,и,п, ,и, ,н,а,п,р,а,в,л,е,н,н,о,с,т,ь, ,а,г,р,е,с,с,и,и,",", ,п,о,н,я,т,ь, ,е,е, ,и,с,т,о,ч,н,и,к, ,и, ,п,р,и,ч,и,н,у,",", ,а, ,т,а,к,ж,е, ,и,н,т,е,н,с,и,в,н,о,с,т,ь,., ,П,р,а,к,т,и,ч,е,с,к,и,й, ,п,р,и,м,е,р, ,–, ,о,б,н,а,р,у,ж,е,н,и,е, ,н,а, ,н,а,ч,а,л,ь,н,о,й, ,с,т,а,д,и,и, ,и,н,в,е,к,т,и,в,н,ы,х, ,м,о,т,и,в,о,в, ,в, ,о,б,щ,е,н,и,и, ,к,л,и,е,н,т,с,к,о,й, ,с,л,у,ж,б,ы, ,с, ,п,о,л,ь,з,о,в,а,т,е,л,я,м,и, ,в, ,с,о,ц,м,е,д,и,а,",", ,ч,т,о, ,в,е,с,ь,м,а, ,а,к,т,у,а,л,ь,н,о, ,д,л,я, ,р,о,з,н,и,ч,н,о,г,о, ,б,и,з,н,е,с,а,.,"
","
",С,и,с,т,е,м,а, ,B,r,a,n,d, ,A,n,a,l,y,t,i,c,s, ,о,б,н,а,р,у,ж,и,в,а,е,т, ,т,р,и, ,о,с,н,о,в,н,ы,х, ,т,и,п,а, ,а,г,р,е,с,с,и,и,:, ,O,p,i,n,i,o,n,:, ,р,е,а,к,ц,и,я, ,н,а, ,с,о,б,ы,т,и,е, ,+, ,а,г,р,е,с,с,и,в,н,о,е, ,в,о,з,м,у,щ,е,н,и,е,;, ,T,r,o,l,l,i,n,g,:, ,а,г,р,е,с,с,и,в,н,а,я, ,н,о,м,и,н,а,ц,и,я, ,+, ,н,а,п,р,а,в,л,е,н,н,а,я, ,а,г,р,е,с,с,и,я, ,+, ,а,г,р,е,с,с,и,в,н,о,е, ,н,а,м,е,р,е,н,и,е, ,+, ,а,г,р,е,с,с,и,в,н,о,е, ,п,о,ж,е,л,а,н,и,е,;, ,C,a,l,l,:, ,п,р,и,з,ы,в, ,к, ,а,г,р,е,с,с,и,и,.,"
","
",Т,а,к,ж,е, ,т,е,х,н,о,л,о,г,и,я, ,в,ы,я,в,л,я,е,т, ,с,и,л,у, ,а,г,р,е,с,с,и,и, ,в, ,о,б,н,а,р,у,ж,е,н,н,ы,х, ,с,о,о,б,щ,е,н,и,я,х,.,"
","
",Н,а,т,а,л,ь,я, ,С,о,к,о,л,о,в,а,",", ,г,л,а,в,а, ,B,r,a,n,d, ,A,n,a,l,y,t,i,c,s,",", ,с,к,а,з,а,л,а,:, ,«,И,н,т,е,л,л,е,к,т,у,а,л,ь,н,ы,й, ,а,н,а,л,и,з, ,е,с,т,е,с,т,в,е,н,н,о,г,о, ,я,з,ы,к,а, ,(,t,e,x,t, ,m,i,n,i,n,g,), ,о,с,т,а,е,т,с,я, ,к,л,ю,ч,е,в,ы,м, ,т,р,е,н,д,о,м, ,в, ,B,i,g, ,D,a,t,a,",", ,т,а,к, ,к,а,к, ,п,о,з,в,о,л,я,е,т, ,в,ы,я,в,л,я,т,ь, ,н,е, ,т,о,л,ь,к,о, ,ф,а,к,т,ы,",", ,н,о, ,и, ,г,л,у,б,и,н,н,ы,е, ,с,м,ы,с,л,ы, ,п,р,о,и,с,х,о,д,я,щ,е,г,о,., ,С,е,г,о,д,н,я, ,а,г,р,е,с,с,и,я, ,с,т,а,н,о,в,и,т,с,я, ,в,а,ж,н,о,й, ,х,а,р,а,к,т,е,р,и,с,т,и,к,о,й, ,э,м,о,т,и,в,н,о,г,о, ,а,н,а,л,и,з,а, ,т,е,к,с,т,а,",", ,я,в,л,я,я,с,ь, ,м,а,р,к,е,р,о,м, ,с,о,с,т,о,я,н,и,я, ,с,о,ц,и,а,л,ь,н,о,-,о,б,щ,е,с,т,в,е,н,н,о,й, ,д,е,я,т,е,л,ь,н,о,с,т,и, ,л,ю,д,е,й,., ,А, ,а,в,т,о,м,а,т,и,ч,е,с,к,о,е, ,в,ы,я,в,л,е,н,и,е, ,а,г,р,е,с,с,и,и, ,д,а,е,т, ,в,о,з,м,о,ж,н,о,с,т,ь, ,н,а, ,р,а,н,н,е,й, ,с,т,а,д,и,и, ,о,б,н,а,р,у,ж,и,в,а,т,ь, ,п,р,о,б,л,е,м,н,ы,е, ,з,о,н,ы, ,в, ,и,н,ф,о,п,о,л,е, ,к,а,к, ,в,о,к,р,у,г, ,б,и,з,н,е,с,а,",", ,т,а,к, ,и, ,в, ,с,о,ц,и,а,л,ь,н,о,й, ,с,ф,е,р,е,",", ,и, ,п,р,е,д,о,т,в,р,а,щ,а,т,ь, ,о,т,р,и,ц,а,т,е,л,ь,н,ы,е, ,п,о,с,л,е,д,с,т,в,и,я,»,.,"
","
",С,в,е,т,л,а,н,а, ,П,о,д,г,о,р,н,а,я,",", ,с,о,в,е,т,н,и,к, ,п,о, ,а,н,т,и,к,р,и,з,и,с,н,ы,м, ,к,о,м,м,у,н,и,к,а,ц,и,я,м, ,R,i,g,h,t,s, ,B,u,s,i,n,e,s,s, ,S,t,a,n,d,a,r,d,",", ,о,т,м,е,т,и,л,а,:, ,«,Ф,и,л,ь,т,р, ,а,г,р,е,с,с,и,и,",", ,п,р,и,м,е,н,е,н,н,ы,й, ,к, ,о,б,ъ,е,к,т,у, ,м,о,н,и,т,о,р,и,н,г,а,",", ,м,о,ж,е,т,",", ,в, ,ч,а,с,т,н,о,с,т,и,",", ,у,к,а,з,ы,в,а,т,ь, ,н,а, ,г,о,т,о,в,н,о,с,т,ь, ,п,о,л,ь,з,о,в,а,т,е,л,е,й, ,к, ,о,ф,л,а,й,н,-,а,к,т,и,в,н,о,с,т,я,м,., ,Т,а,к,",", ,у,р,о,в,е,н,ь, ,в,е,р,б,а,л,ь,н,о,й, ,а,г,р,е,с,с,и,и, ,о,б,ы,ч,н,о, ,з,а,м,е,т,н,о, ,п,о,в,ы,ш,а,е,т,с,я, ,п,е,р,е,д, ,м,и,т,и,н,г,а,м,и,., ,А, ,п,о,в,ы,ш,е,н,и,е, ,о,т,н,о,с,и,т,е,л,ь,н,о,г,о, ,к,о,л,и,ч,е,с,т,в,а, ,а,г,р,е,с,с,и,в,н,ы,х, ,с,о,о,б,щ,е,н,и,й, ,м,о,ж,е,т, ,у,к,а,з,ы,в,а,т,ь, ,н,а, ,ф,о,р,м,и,р,о,в,а,н,и,е, ,н,о,в,о,й, ,и,н,ф,о,р,м,а,ц,и,о,н,н,о,й, ,в,о,л,н,ы, ,–, ,е,щ,е, ,р,а,з,р,я,ж,е,н,н,о,й, ,и, ,н,е, ,и,м,е,ю,щ,е,й, ,п,о,к,а, ,с,ф,о,р,м,и,р,о,в,а,н,н,о,г,о, ,с,е,м,а,н,т,и,ч,е,с,к,о,г,о, ,я,д,р,а,., ,Д,о,п,у,с,т,и,м,",", ,м,ы, ,в,и,д,и,м, ,в,с,п,л,е,с,к, ,у,п,о,м,и,н,а,е,м,о,с,т,и, ,о,б,ъ,е,к,т,а,",", ,н,о, ,н,е, ,м,о,ж,е,м, ,с,х,о,д,у, ,о,п,р,е,д,е,л,и,т,ь,",", ,ч,т,о, ,е,г,о, ,д,а,е,т,",", ,с,о,о,б,щ,е,н,и,я, ,н,а, ,п,е,р,в,ы,й, ,в,з,г,л,я,д, ,р,а,з,р,о,з,н,е,н,ы,",", ,в, ,"""",ч,а,с,т,о,т,к,е,"""", ,н,е,т, ,н,о,в,ы,х, ,с,л,о,в,",", ,н,е,т, ,з,а,м,е,т,н,о,г,о, ,м,а,с,с,и,в,а, ,р,е,п,о,с,т,о,в, ,и, ,д,у,б,л,е,й,., ,Ф,и,л,ь,т,р,а,ц,и,я, ,п,о, ,а,г,р,е,с,с,и,и, ,п,о,м,о,г,а,е,т, ,с,у,з,и,т,ь, ,м,а,с,с,и,в, ,и, ,в,ы,я,в,и,т,ь, ,т,е,м,у, ,–, ,б,е,з, ,н,е,о,б,х,о,д,и,м,о,с,т,и, ,п,р,и,с,т,а,л,ь,н,о,г,о, ,и,з,у,ч,е,н,и,я, ,в,с,е,х, ,с,о,о,б,щ,е,н,и,й, ,в,с,п,л,е,с,к,а,., ,Э,т,о, ,х,о,р,о,ш,о, ,п,о,м,о,г,а,е,т, ,в, ,о,п,е,р,а,т,и,в,н,о,й, ,о,б,р,а,б,о,т,к,е, ,н,е,г,а,т,и,в,н,ы,х, ,и, ,р,е,з,о,н,а,н,с,н,ы,х, ,т,е,м,»,.,"
"
"
",X,i,a,o,m,i, ,п,р,е,д,с,т,а,в,и,л,а, ,б,е,с,п,р,о,в,о,д,н,о,й, ,у,т,ю,г, ,M,i, ,C,o,r,d,l,e,s,s, ,S,t,e,a,m, ,I,r,o,n, ,з,а, ,$,3,0,"
",П,о,к,а, ,н,е,и,з,в,е,с,т,н,о,",", ,к,о,г,д,а, ,н,о,в,и,н,к,а, ,п,о,с,т,у,п,и,т, ,в, ,п,р,о,д,а,ж,у,"
",А,с,с,о,р,т,и,м,е,н,т, ,к,о,м,п,а,н,и,и, ,X,i,a,o,m,i, ,п,о,п,о,л,н,и,л,с,я, ,н,о,в,ы,м, ,у,с,т,р,о,й,с,т,в,о,м, ,д,л,я, ,д,о,м,а, ,—, ,б,е,с,п,р,о,в,о,д,н,ы,м, ,у,т,ю,г,о,м, ,M,i, ,C,o,r,d,l,e,s,s, ,S,t,e,a,m, ,I,r,o,n, ,с, ,ф,у,н,к,ц,и,е,й, ,о,т,п,а,р,и,в,а,н,и,я,., ,Н,е, ,с,к,а,з,а,т,ь,",", ,ч,т,о,б,ы, ,э,т,о, ,б,ы,л,о, ,к,а,к,и,м,-,т,о, ,п,е,р,е,д,о,в,ы,м, ,у,с,т,р,о,й,с,т,в,о,м,",", ,н,о, ,б,л,а,г,о,д,а,р,я, ,г,р,о,м,к,о,м,у, ,и,м,е,н,и,",", ,х,о,р,о,ш,е,й, ,ф,у,н,к,ц,и,о,н,а,л,ь,н,о,с,т,и, ,и, ,н,е,в,ы,с,о,к,о,й, ,ц,е,н,е, ,—, ,$,3,0,.,"
","
",X,i,a,o,m,i, ,п,р,е,д,с,т,а,в,и,л,а, ,б,е,с,п,р,о,в,о,д,н,о,й, ,у,т,ю,г, ,M,i, ,C,o,r,d,l,e,s,s, ,S,t,e,a,m, ,I,r,o,n, ,з,а, ,$,3,0,"
",П,о,т,р,е,б,л,я,е,м,а,я, ,м,о,щ,н,о,с,т,ь, ,у,т,ю,г,а, ,д,о,с,т,и,г,а,е,т, ,2,0,0,0, ,В,т,., ,В, ,н,е,м,",", ,к,а,к, ,и, ,в, ,л,ю,б,о,м, ,д,р,у,г,о,м, ,п,о,д,о,б,н,о,м, ,у,с,т,р,о,й,с,т,в,е,",", ,и,м,е,е,т,с,я, ,н,е,с,к,о,л,ь,к,о, ,р,е,ж,и,м,о,в, ,р,а,б,о,т,ы,",", ,а, ,д,л,я, ,ф,у,н,к,ц,и,и, ,о,т,п,а,р,и,в,а,н,и,я, ,п,р,е,д,у,с,м,о,т,р,е,н, ,р,е,з,е,р,в,у,а,р, ,н,а, ,2,8,0, ,м,л, ,в,о,д,ы,.,"
","
",У,т,ю,г, ,ф,и,к,с,и,р,у,е,т,с,я, ,н,а, ,з,а,р,я,д,н,о,й, ,с,т,а,н,ц,и,и, ,п,р,и, ,п,о,м,о,щ,и, ,м,е,х,а,н,и,ч,е,с,к,о,г,о, ,з,а,м,к,а,",", ,р,а,з,б,л,о,к,и,р,у,е,м,о,г,о, ,к,н,о,п,к,о,й, ,н,а, ,к,о,р,п,у,с,е,., ,П,о,с,л,е, ,о,т,с,о,е,д,и,н,е,н,и,я, ,о,т, ,з,а,р,я,д,н,о,г,о, ,у,с,т,р,о,й,с,т,в,а, ,н,а,г,р,е,в, ,о,б,е,с,п,е,ч,и,в,а,е,т,с,я, ,в, ,т,е,ч,е,н,и,е, ,д,в,у,х, ,м,и,н,у,т,., ,В, ,к,о,н,с,т,р,у,к,ц,и,и, ,п,р,и,б,о,р,а, ,и,с,п,о,л,ь,з,у,е,т,с,я, ,а,л,ю,м,и,н,и,е,в,ы,й, ,с,п,л,а,в, ,и, ,к,е,р,а,м,и,к,а,",", ,м,а,к,с,и,м,а,л,ь,н,а,я, ,т,е,м,п,е,р,а,т,у,р,а, ,н,а,г,р,е,в,а, ,д,о,с,т,и,г,а,е,т, ,2,0,0,°,C,.,"
","
",У,в,ы,",", ,п,о,к,а, ,н,е,т, ,д,а,н,н,ы,х, ,о, ,т,о,м,",", ,к,о,г,д,а, ,M,i, ,C,o,r,d,l,e,s,s, ,S,t,e,a,m, ,I,r,o,n, ,п,о,с,т,у,п,и,т, ,в, ,п,р,о,д,а,ж,у,.,"
"
"
",О,ф,и,ц,и,а,л,ь,н,ы,й, ,м,а,г,а,з,и,н, ,A,p,p,l,e, ,о,с,т,а,л,с,я, ,в,с,е,г,о, ,с, ,о,д,н,о,й, ,м,о,д,е,л,ь,ю, ,м,о,н,и,т,о,р,а,"
",М,о,д,е,л,ь, ,4,K, ,L,G, ,U,l,t,r,a,F,i,n,e, ,и,с,ч,е,з,л,а, ,и,з, ,п,р,о,д,а,ж,и,"
",К,о,м,п,а,н,и,я, ,A,p,p,l,e, ,п,р,е,к,р,а,т,и,л,а, ,п,р,о,д,а,ж,и, ,м,о,н,и,т,о,р,а, ,4,K, ,L,G, ,U,l,t,r,a,F,i,n,e,",", ,к,о,т,о,р,ы,й, ,в, ,с,в,о,ё, ,в,р,е,м,я, ,б,ы,л, ,п,р,е,д,с,т,а,в,л,е,н,",", ,к,а,к, ,н,а,и,б,о,л,е,е, ,п,о,д,х,о,д,я,щ,и,й, ,м,о,н,и,т,о,р, ,д,л,я, ,П,К, ,M,a,c,",", ,у,ч,и,т,ы,в,а,я,",", ,ч,т,о, ,с,о,б,с,т,в,е,н,н,ы,е, ,м,о,н,и,т,о,р,ы, ,A,p,p,l,e, ,п,р,о,д,а,в,а,т,ь, ,п,е,р,е,с,т,а,л,а,.,"
","
",Н,а, ,д,а,н,н,ы,й, ,м,о,м,е,н,т, ,в, ,о,ф,и,ц,и,а,л,ь,н,о,м, ,м,а,г,а,з,и,н,е, ,к,у,п,е,р,т,и,н,ц,е,в, ,д,о,с,т,у,п,е,н, ,л,и,ш,ь, ,о,д,и,н, ,м,о,н,и,т,о,р, ,—, ,L,G, ,U,l,t,r,a,F,i,n,e, ,5,K, ,D,i,s,p,l,a,y, ,з,а, ,1,3,0,0, ,д,о,л,л,а,р,о,в,., ,М,о,д,е,л,ь, ,4,K, ,д,о, ,и,с,ч,е,з,н,о,в,е,н,и,я, ,и,з, ,п,р,о,д,а,ж,и, ,с,т,о,и,л,а, ,7,0,0, ,д,о,л,л,а,р,о,в,., ,П,о,к,а, ,4,K, ,L,G, ,U,l,t,r,a,F,i,n,e, ,е,щ,ё, ,м,о,ж,н,о, ,к,у,п,и,т,ь, ,у, ,с,т,о,р,о,н,н,и,х, ,п,р,о,д,а,в,ц,о,в,",", ,н,о,",", ,в,е,р,о,я,т,н,е,е, ,в,с,е,г,о,",", ,в, ,б,л,и,ж,а,й,ш,е,е, ,в,р,е,м,я, ,э,т,о,т, ,м,о,н,и,т,о,р, ,п,о,л,н,о,с,т,ь,ю, ,и,с,ч,е,з,н,е,т, ,и,з, ,п,р,о,д,а,ж,и,.,"
","
",О,ф,и,ц,и,а,л,ь,н,ы,й, ,м,а,г,а,з,и,н, ,A,p,p,l,e, ,о,с,т,а,л,с,я, ,в,с,е,г,о, ,с, ,о,д,н,о,й, ,м,о,д,е,л,ь,ю, ,м,о,н,и,т,о,р,а,"
",В,о,з,м,о,ж,н,о,",", ,A,p,p,l,e, ,п,о,с,т,е,п,е,н,н,о, ,р,а,с,ч,и,щ,а,е,т, ,п,л,о,щ,а,д,к,у, ,д,л,я, ,с,в,о,е,г,о, ,н,о,в,о,г,о, ,м,о,н,и,т,о,р,а,",", ,к,о,т,о,р,ы,й, ,д,о,л,ж,е,н, ,в,ы,й,т,и, ,в, ,э,т,о,м, ,г,о,д,у,., ,П,р,а,в,д,а,",", ,у, ,н,е,г,о, ,б,у,д,е,т, ,п,а,н,е,л,ь, ,6,K,",", ,т,а,к, ,ч,т,о, ,о,н, ,в, ,л,ю,б,о,м, ,с,л,у,ч,а,е, ,н,е, ,к,о,н,к,у,р,и,р,о,в,а,л, ,б,ы, ,с, ,4,K, ,L,G, ,U,l,t,r,a,F,i,n,e,.,"
"
"
",В,л,а,с,т,и, ,и, ,Я,н,д,е,к,с, ,п,о,о,б,е,щ,а,л,и, ,б,е,с,п,и,л,о,т,н,о,е, ,т,а,к,с,и, ,в, ,М,о,с,к,в,е, ,ч,е,р,е,з, ,3,–,4, ,г,о,д,а,"
",Б,е,с,п,и,л,о,т,н,и,к,и, ,-, ,э,т,о, ,у,ж,е, ,н,е, ,б,у,д,у,щ,е,е,"
",В, ,М,о,с,к,в,е, ,п,л,а,н,и,р,у,е,т,с,я, ,з,а,п,у,с,к, ,б,е,с,п,и,л,о,т,н,о,г,о, ,р,о,б,о,т,и,з,и,р,о,в,а,н,н,о,г,о, ,т,а,к,с,и, ,в, ,т,е,ч,е,н,и,е, ,3,-,4, ,л,е,т,., ,О,б, ,э,т,о,м, ,с,о,о,б,щ,а,е,т,с,я, ,н,а, ,о,ф,и,ц,и,а,л,ь,н,о,й, ,с,т,р,а,н,и,ч,к,е, ,T,w,i,t,t,e,r, ,«,М,о,с,к,о,в,с,к,о,г,о, ,т,р,а,н,с,п,о,р,т,а,»,"
","
",В,л,а,с,т,и, ,и, ,Я,н,д,е,к,с, ,п,о,о,б,е,щ,а,л,и, ,б,е,с,п,и,л,о,т,н,о,е, ,т,а,к,с,и, ,в, ,М,о,с,к,в,е, ,ч,е,р,е,з, ,3,–,4, ,г,о,д,а,"
",В, ,т,о,й, ,ж,е, ,з,а,м,е,т,к,е, ,о,т,м,е,ч,а,е,т,с,я,:, ,«,Б,е,с,п,и,л,о,т,н,и,к,и, ,-, ,э,т,о, ,у,ж,е, ,н,е, ,б,у,д,у,щ,е,е,",", ,а, ,н,а,с,т,о,я,щ,е,е,»,., ,К,о,м,п,а,н,и,я, ,«,Я,н,д,е,к,с,», ,у,ж,е, ,п,р,о,т,е,с,т,и,р,о,в,а,л, ,с,в,о,й, ,б,е,с,п,и,л,о,т,н,ы,й, ,а,в,т,о,м,о,б,и,л,ь, ,в, ,Л,а,с,-,В,е,г,а,с,е,",", ,С,к,о,л,к,о,в,о, ,и, ,И,н,н,о,п,о,л,и,с,е,",", ,т,а,к,ж,е, ,т,е,с,т,ы, ,б,е,с,п,и,л,о,т,н,и,к,а, ,п,р,о,ш,л,и, ,в, ,И,з,р,а,и,л,е,., , ,"
","
",Т,а,к,ж,е, ,н,а, ,п,р,о,ш,е,д,ш,е,м, ,в,ч,е,р,а, ,М,е,ж,д,у,н,а,р,о,д,н,о,м, ,с,а,м,м,и,т,е, ,л,и,д,е,р,о,в, ,в, ,с,ф,е,р,е, ,р,а,з,в,и,т,и,я, ,г,о,р,о,д,с,к,о,г,о, ,т,р,а,н,с,п,о,р,т,а, ,в, ,М,о,с,к,в,е, ,в,ы,с,т,у,п,и,л, ,о,п,е,р,а,ц,и,о,н,н,ы,й, ,д,и,р,е,к,т,о,р, ,к,о,м,п,а,н,и,и, ,«,Я,н,д,е,к,с,», ,Г,р,е,г, ,А,б,о,в,с,к,и,й,., , ,О,н, ,з,а,я,в,и,л,:,"
","
",Б,е,с,п,и,л,о,т,н,ы,й, ,т,р,а,н,с,п,о,р,т, ,с,н,и,з,и,т, ,з,а,г,р,у,ж,е,н,н,о,с,т,ь, ,у,л,и,ц, ,в, ,М,о,с,к,в,е,., ,"""",Я,н,д,е,к,с,"""", ,р,а,з,в,и,в,а,е,т, ,б,е,с,п,и,л,о,т,н,ы,е, ,т,е,х,н,о,л,о,г,и,и,",", ,т,а,к, ,к,а,к, ,м,ы, ,у,в,е,р,е,н,ы,",", ,ч,т,о, ,з,а, ,т,а,к,и,м, ,т,р,а,н,с,п,о,р,т,о,м, ,б,у,д,у,щ,е,е,., ,Э,т,о, ,н,е, ,в,о,п,р,о,с, ,с,е,г,о,д,н,я,ш,н,е,г,о, ,д,н,я,",", ,н,о, ,у,ж,е, ,ч,е,р,е,з, ,т,р,и,-,ч,е,т,ы,р,е, ,г,о,д,а, ,к, ,т,а,к,о,м,у, ,б,у,д,у,щ,е,м,у, ,м,ы, ,п,р,и,д,е,м,., ,"
","
",А,б,о,в,с,к,и,й, ,т,а,к,ж,е, ,о,т,м,е,т,и,л,",", ,ч,т,о, ,Д,Т,П, ,ч,а,с,т,о, ,с,т,а,н,о,в,я,т,с,я, ,п,р,и,ч,и,н,о,й, ,с,е,р,ь,е,з,н,ы,х, ,з,а,т,о,р,о,в,",", ,а, ,з,а,п,у,с,к, ,б,е,с,п,и,л,о,т,н,и,к,о,в, ,д,о,л,ж,е,н, ,с,н,и,з,и,т,ь, ,а,в,а,р,и,й,н,о,с,т,ь,",", ,с,о,о,т,в,е,т,с,т,в,е,н,н,о,",", ,и, ,с,о,к,р,а,т,и,т,с,я, ,з,а,г,р,у,ж,е,н,н,о,с,т,ь, ,у,л,и,ц,.,"
"
"
",С,к,и,д,к,и, ,д,о, ,2,8,0, ,д,о,л,л,а,р,о,в,., ,G,o,o,g,l,e, ,п,р,е,д,л,а,г,а,е,т, ,P,i,x,e,l, ,3, ,и, ,P,i,x,e,l, ,3, ,X,L, ,п,о, ,с,м,е,ш,н,ы,м, ,ц,е,н,а,м, ,в, ,Е,в,р,о,п,е,"
",П,о,д,е,ш,е,в,е,л,и, ,п,о,ч,т,и, ,н,а, ,т,р,е,т,ь,"
",К,о,м,п,а,н,и,я, ,G,o,o,g,l,e, ,у,с,т,р,о,и,л,а, ,а,т,т,р,а,к,ц,и,о,н, ,н,е,с,л,ы,х,а,н,н,о,й, ,щ,е,д,р,о,с,т,и, ,в, ,р,я,д,е, ,е,в,р,о,п,е,й,с,к,и,х, ,с,т,р,а,н, ,—, ,ц,е,н,ы, ,н,а, ,с,м,а,р,т,ф,о,н,ы, ,P,i,x,e,l, ,3, ,и, ,P,i,x,e,l, ,3, ,X,L, ,о,к,а,з,а,л,и,с,ь, ,с,н,и,ж,е,н,ы, ,о,ч,е,н,ь, ,с,и,л,ь,н,о, ,в, ,о,ф,и,ц,и,а,л,ь,н,о,м, ,и,н,т,е,р,н,е,т,-,м,а,г,а,з,и,н,е, ,G,o,o,g,l,e,., ,"
",а,к,",", ,в, ,Г,е,р,м,а,н,и,и, ,с,м,а,р,т,ф,о,н,ы, ,м,о,ж,н,о, ,к,у,п,и,т,ь, ,с,о, ,с,к,и,д,к,о,й, ,в, ,2,5,0, ,е,в,р,о,",", ,ч,т,о, ,с,о,с,т,а,в,л,я,е,т, ,п,о,р,я,д,к,а, ,2,8,0, ,д,о,л,л,а,р,о,в,",", ,а, ,в, ,В,е,л,и,к,о,б,р,и,т,а,н,и,и, ,—, ,1,5,0, ,ф,у,н,т,о,в, ,с,т,е,р,л,и,н,г,о,в, ,и,л,и, ,1,9,0, ,д,о,л,л,а,р,о,в,., ,"
",П,р,и, ,э,т,о,м, ,в, ,С,Ш,А, ,ц,е,н,ы, ,н,а, ,P,i,x,e,l, ,3, ,и, ,P,i,x,e,l, ,3, ,X,L, ,в, ,о,ф,и,ц,и,а,л,ь,н,о,м, ,м,а,г,а,з,и,н,е, ,G,o,o,g,l,e, ,о,с,т,а,л,и,с,ь, ,п,р,е,ж,н,и,м,и, ,—, ,7,9,9, ,и, ,8,9,9, ,д,о,л,л,а,р,о,в, ,с,о,о,т,в,е,т,с,т,в,е,н,н,о,",", ,н,е, ,п,о,д,е,ш,е,в,е,в, ,н,и, ,н,а, ,ц,е,н,т, ,с, ,м,о,м,е,н,т,а, ,в,ы,п,у,с,к,а, ,в, ,о,к,т,я,б,р,е, ,п,р,о,ш,л,о,г,о, ,г,о,д,а,., ,"
","
",С,у,д,я, ,п,о, ,в,с,е,м,у,",", ,к,о,м,п,а,н,и,я, ,н,а,ч,а,л,а, ,г,о,т,о,в,и,т,ь,с,я, ,к, ,а,н,о,н,с,у, ,с,м,а,р,т,ф,о,н,о,в, ,P,i,x,e,l, ,3,a, ,и, ,P,i,x,e,l, ,3,a, ,X,L,",", ,р,а,с,п,р,о,д,а,в,а,я, ,з,а,п,а,с,ы, ,п,р,о,ш,л,о,г,о,д,н,и,х, ,ф,л,а,г,м,а,н,о,в,., ,О,ф,и,ц,и,а,л,ь,н,ы,й, ,д,е,б,ю,т, ,о,ж,и,д,а,е,т,с,я, ,7, ,м,а,я,., ,С,м,а,р,т,ф,о,н,ы, ,P,i,x,e,l, ,3,a, ,и, ,P,i,x,e,l, ,3,a, ,X,L, ,д,о,л,ж,н,ы, ,о,к,а,з,а,т,ь,с,я, ,п,р,о,щ,е, ,п,о, ,х,а,р,а,к,т,е,р,и,с,т,и,к,а,м, ,и, ,д,е,ш,е,в,л,е, ,о,р,и,г,и,н,а,л,ь,н,ы,х, ,P,i,x,e,l, ,3,., ,С,т,а,р,т,о,в,а,я, ,ц,е,н,а, ,н,а, ,н,и,х, ,о,ж,и,д,а,е,т,с,я, ,о,к,о,л,о, ,5,0,0, ,д,о,л,л,а,р,о,в,., ,"
"
"
",Н,е,о,ж,и,д,а,н,н,о,:, ,п,е,р,в,о,й, ,п,л,а,т,ф,о,р,м,о,й, ,Q,u,a,l,c,o,m,m, ,с,о, ,в,с,т,р,о,е,н,н,ы,м, ,м,о,д,е,м,о,м, ,5,G, ,с,т,а,н,е,т, ,7,-,н,а,н,о,м,е,т,р,о,в,а,я, ,S,n,a,p,d,r,a,g,o,n, ,7,3,5,"
",В,ы,п,у,с,к, ,э,т,о,й, ,S,o,C, ,о,ж,и,д,а,е,т,с,я, ,т,о,л,ь,к,о, ,к, ,к,о,н,ц,у, ,г,о,д,а,",", ,н,о, ,в,с,е, ,х,а,р,а,к,т,е,р,и,с,т,и,к,и, ,у,ж,е, ,и,з,в,е,с,т,н,ы,"
",В, ,С,е,т,и, ,п,о,я,в,и,л,и,с,ь, ,п,о,д,р,о,б,н,о,с,т,и, ,о, ,н,о,в,о,й, ,о,д,н,о,к,р,и,с,т,а,л,ь,н,о,й, ,п,л,а,т,ф,о,р,м,е, ,Q,u,a,l,c,o,m,m, ,–, ,S,n,a,p,d,r,a,g,o,n, ,7,3,5,., ,И, ,с,а,м,о,е, ,и,н,т,е,р,е,с,н,о,е,",", ,ч,т,о, ,м,о,ж,н,о, ,п,о,ч,е,р,п,н,у,т,ь, ,и,з, ,о,п,у,б,л,и,к,о,в,а,н,н,о,г,о, ,и,с,т,о,ч,н,и,к,о,м, ,п,е,р,е,ч,н,я, ,е,е, ,х,а,р,а,к,т,е,р,и,с,т,и,к,",", ,-, ,н,а,л,и,ч,и,е, ,в,с,т,р,о,е,н,н,о,г,о, ,м,о,д,е,м,а, ,5,G,., ,Т,а,к,о,в,о,г,о, ,н,е,т, ,д,а,ж,е, ,в,о, ,ф,л,а,г,м,а,н,с,к,о,й, ,S,n,a,p,d,r,a,g,o,n, ,8,5,5, ,(,и, ,н,е, ,п,л,а,н,и,р,у,е,т,с,я, ,в, ,и,д,у,щ,е,й, ,е,й, ,н,а, ,с,м,е,н,у, ,S,n,a,p,d,r,a,g,o,n, ,8,6,5,),.,"
","
",Н,е,о,ж,и,д,а,н,н,о,:, ,п,е,р,в,о,й, ,п,л,а,т,ф,о,р,м,о,й, ,Q,u,a,l,c,o,m,m, ,с,о, ,в,с,т,р,о,е,н,н,ы,м, ,м,о,д,е,м,о,м, ,5,G, ,с,т,а,н,е,т, ,7,-,н,а,н,о,м,е,т,р,о,в,а,я, ,S,n,a,p,d,r,a,g,o,n, ,7,3,5,"
",Е,с,л,и, ,э,т,и, ,д,а,н,н,ы,е, ,о,к,а,ж,у,т,с,я, ,п,р,а,в,д,о,й,",", ,т,о, ,п,е,р,в,ы,м,и, ,п,о,-,н,а,с,т,о,я,щ,е,м,у, ,м,а,с,с,о,в,ы,м,и, ,с,м,а,р,т,ф,о,н,а,м,и, ,с, ,п,о,д,д,е,р,ж,к,о,й, ,5,G, ,с,т,а,н,у,т, ,н,е, ,ф,л,а,г,м,а,н,ы,",", ,а, ,м,о,д,е,л,и, ,с,р,е,д,н,е,г,о, ,у,р,о,в,н,я, ,–, ,н,а, ,б,а,з,е, ,S,n,a,p,d,r,a,g,o,n, ,7,3,5,., ,В,п,р,о,ч,е,м,",", ,е,с,т,ь, ,у, ,п,л,а,т,ф,о,р,м,ы, ,и, ,д,р,у,г,и,е, ,о,с,о,б,е,н,н,о,с,т,и,.,"
","
",В,о,-,п,е,р,в,ы,х,",", ,C,P,U, ,б,у,д,е,т, ,п,р,е,д,с,т,а,в,л,е,н,о, ,с,х,е,м,о,й, ,«,1,+,1,+,6, ,я,д,е,р,»,., ,П,е,р,в,ы,е, ,д,в,а, ,–, ,в,ы,с,о,к,о,п,р,о,и,з,в,о,д,и,т,е,л,ь,н,ы,е, ,K,r,y,o, ,4,X,X,",", ,н,о, ,с, ,р,а,з,н,о,й, ,т,а,к,т,о,в,о,й, ,ч,а,с,т,о,т,о,й, ,–, ,2,",",9, ,и, ,2,",",4, ,Г,Г,ц,., ,Е,щ,е, ,ш,е,с,т,ь, ,–, ,э,н,е,р,г,о,э,ф,ф,е,к,т,и,в,н,ы,е, ,K,r,y,o, ,4,X,X, ,ч,а,с,т,о,т,о,й, ,1,",",8, ,Г,Г,ц,., ,G,P,U, ,A,d,r,e,n,o, ,6,2,0, ,ч,а,с,т,о,т,о,й, ,7,5,0, ,М,Г,ц, ,–, ,п,р,а,к,т,и,ч,е,с,к,и, ,ф,л,а,г,м,а,н,с,к,о,е, ,р,е,ш,е,н,и,е,., ,Д,л,я, ,с,р,а,в,н,е,н,и,я,",", ,в, ,S,n,a,p,d,r,a,g,o,n, ,8,4,5, ,и,с,п,о,л,ь,з,у,е,т,с,я, ,G,P,U, ,A,d,r,e,n,o, ,6,3,0, ,ч,а,с,т,о,т,о,й, ,7,1,0, ,М,Г,ц,., ,Т,р,е,т,ь,е, ,к,л,ю,ч,е,в,о,е, ,с,о,с,т,а,в,л,я,ю,щ,е,е, ,п,л,а,т,ф,о,р,м,ы, ,–, ,н,е,й,р,о,н,н,ы,й, ,п,р,о,ц,е,с,с,о,р, ,N,P,U, ,2,2,0, ,ч,а,с,т,о,т,о,й, ,1, ,Г,Г,ц,.,"
","
",Н,е,о,ж,и,д,а,н,н,о,:, ,п,е,р,в,о,й, ,п,л,а,т,ф,о,р,м,о,й, ,Q,u,a,l,c,o,m,m, ,с,о, ,в,с,т,р,о,е,н,н,ы,м, ,м,о,д,е,м,о,м, ,5,G, ,с,т,а,н,е,т, ,7,-,н,а,н,о,м,е,т,р,о,в,а,я, ,S,n,a,p,d,r,a,g,o,n, ,7,3,5,"
",Т,а,к,ж,е, ,п,л,а,т,ф,о,р,м,а, ,о,б,е,с,п,е,ч,и,т, ,п,о,д,д,е,р,ж,к,у, ,д,о, ,1,6, ,Г,Б, ,о,п,е,р,а,т,и,в,н,о,й, ,п,а,м,я,т,и, ,L,P,D,D,R,4,x, ,ч,а,с,т,о,т,о,й, ,д,о, ,2,1,3,3, ,М,Г,ц,",", ,д,и,с,п,л,е,и, ,р,а,з,р,е,ш,е,н,и,е,м, ,д,о, ,3,3,6,0, ,х, ,1,4,4,0, ,п,и,к,с,е,л,е,й, ,с, ,H,D,R,1,0, ,и, ,а,п,п,а,р,а,т,н,о,е, ,д,е,к,о,д,и,р,о,в,а,н,и,е, ,в,и,д,е,о, ,4,К, ,с, ,к,а,д,р,о,в,о,й, ,ч,а,с,т,о,т,о,й, ,6,0, ,к,/,с,., ,S,o,C, ,б,у,д,е,т, ,п,р,о,и,з,в,о,д,и,т,ь,с,я, ,п,о, ,т,е,х,н,о,л,о,г,и,ч,е,с,к,и,м, ,н,о,р,м,а,м, ,7, ,н,м,.,"
","
",У,в,ы,",", ,о, ,с,р,о,к,а,х, ,в,ы,п,у,с,к,а, ,н,о,в,о,й, ,п,л,а,т,ф,о,р,м,ы, ,н,и,ч,е,г,о, ,н,е, ,с,о,о,б,щ,а,е,т,с,я,., ,Н,о, ,в,р,я,д, ,л,и, ,о,н,а, ,п,о,я,в,и,т,с,я, ,р,а,н,ь,ш,е, ,ч,е,т,в,е,р,т,о,г,о, ,к,в,а,р,т,а,л,а, ,т,е,к,у,щ,е,г,о, ,г,о,д,а,",", ,в,е,д,ь, ,с,о,в,с,е,м, ,н,е,д,а,в,н,о, ,в,ы,ш,л,и, ,S,o,C, ,S,a,n,p,d,r,a,g,o,n, ,7,3,0, ,и, ,7,3,0,G,., ,Н,у, ,а, ,г,о,т,о,в,ы,е, ,р,е,ш,е,н,и,я, ,н,а, ,е,е, ,о,с,н,о,в,е, ,л,о,г,и,ч,н,о, ,ж,д,а,т,ь, ,в,е,с,н,о,й, ,с,л,е,д,у,ю,щ,е,г,о, ,г,о,д,а,.,"
"
"
",К,о,м,п,а,н,и,я, ,A,S,U,S, ,п,о,к,и,н,е,т, ,р,ы,н,о,к, ,A,n,d,r,o,i,d,-,п,л,а,н,ш,е,т,о,в,"
",К,о,м,п,а,н,и,я, ,A,S,U,S, ,п,р,и,н,я,л,а, ,н,е,о,ж,и,д,а,н,н,о,е, ,р,е,ш,е,н,и,е, ,и, ,в, ,б,л,и,ж,а,й,ш,е,е, ,в,р,е,м,я, ,п,о,к,и,н,е,т, ,р,ы,н,о,к, ,A,n,d,r,o,i,d,-,п,л,а,н,ш,е,т,о,в,., ,Т,а,к,о,й, ,х,о,д, ,с,в,я,з,а,н, ,с,о, ,с,н,и,ж,е,н,и,е,м, ,п,о,п,у,л,я,р,н,о,с,т,и, ,д,а,н,н,ы,х, ,у,с,т,р,о,й,с,т,в,",", ,о,с,о,б,е,н,н,о, ,н,а, ,б,а,з,е, ,о,п,е,р,а,ц,и,о,н,н,о,й, ,с,и,с,т,е,м,ы, ,о,т, ,G,o,o,g,l,e,., ,"
","
",Э,т,а, ,и,н,ф,о,р,м,а,ц,и,я, ,п,о,я,в,и,л,а,с,ь, ,н,а, ,с,а,й,т,е, ,c,n,B,e,t,a,",", ,г,д,е, ,с,о,о,б,щ,а,е,т,с,я, ,о,б, ,у,х,о,д,е, ,к,о,м,п,а,н,и,и, ,A,S,U,S, ,с, ,р,ы,н,к,а, ,A,n,d,r,o,i,d,-,п,л,а,н,ш,е,т,о,в,., ,Т,а,к,и,е, ,с,в,е,д,е,н,и,я, ,б,ы,л,и, ,п,о,л,у,ч,е,н,ы, ,о,т, ,п,а,р,т,н,е,р,о,в, ,б,р,е,н,д,а,",", ,а, ,т,а,к,ж,е, ,о,т, ,т,е,х,",", ,к,т,о, ,п,о,с,т,а,в,л,я,л, ,е,м,у, ,к,о,м,п,л,е,к,т,у,ю,щ,и,е, ,д,л,я, ,п,о,д,о,б,н,ы,х, ,у,с,т,р,о,й,с,т,в,., ,С,л,е,д,о,в,а,т,е,л,ь,н,о,",", ,Z,e,n,P,a,d, ,8, ,с,т,а,н,е,т, ,п,о,с,л,е,д,н,и,м, ,п,л,а,н,ш,е,т,о,м, ,к,о,м,п,а,н,и,и,., ,"
","
",Э,к,с,п,е,р,т,ы, ,о,т,м,е,ч,а,ю,т,",", ,ч,т,о, ,т,а,к,о,е, ,р,е,ш,е,н,и,е, ,A,S,U,S, ,с, ,о,д,н,о,й, ,с,т,о,р,о,н,ы, ,м,о,ж,н,о, ,н,а,з,в,а,т,ь, ,н,е,о,ж,и,д,а,н,н,ы,м,",", ,а, ,с, ,д,р,у,г,о,й, ,–, ,в,п,о,л,н,е, ,з,а,к,о,н,о,м,е,р,н,ы,м,., ,В,с,е, ,д,е,л,о, ,в, ,т,е,н,д,е,н,ц,и,и, ,с,н,и,ж,е,н,и,я, ,п,о,п,у,л,я,р,н,о,с,т,и, ,и, ,с,п,р,о,с,а, ,н,а, ,п,о,д,о,б,н,ы,е, ,у,с,т,р,о,й,с,т,в,а, ,п,о, ,в,с,е,м,у, ,м,и,р,у,., ,С,е,й,ч,а,с, ,с,р,е,д,и, ,п,л,а,н,ш,е,т,о,в, ,п,р,о,д,а,ж,и, ,р,а,с,т,у,т, ,т,о,л,ь,к,о, ,у, ,т,е,х,",", ,ч,т,о, ,в,ы,п,у,с,к,а,ю,т,с,я, ,к,о,м,п,а,н,и,е,й, ,A,p,p,l,e,",", ,в,с,е, ,ж,е, ,о,с,т,а,л,ь,н,ы,е, ,п,л,а,н,о,м,е,р,н,о, ,с,н,и,ж,а,ю,т, ,с,в,о,и, ,п,о,к,а,з,а,т,е,л,и, ,р,е,а,л,и,з,а,ц,и,и,., ,К, ,э,т,о,м,у, ,п,р,и,в,е,л,о, ,с,т,р,е,м,и,т,е,л,ь,н,о,е, ,р,а,з,в,и,т,и,е, ,и, ,у,в,е,л,и,ч,е,н,и,е, ,р,а,з,м,е,р,о,в, ,с,м,а,р,т,ф,о,н,о,в,",", ,с,п,о,с,о,б,н,ы,х, ,п,р,е,д,л,о,ж,и,т,ь, ,п,о,к,у,п,а,т,е,л,я,м, ,б,о,л,ь,ш,у,ю, ,д,и,а,г,о,н,а,л,ь, ,э,к,р,а,н,а, ,и, ,в,ы,с,о,к,у,ю, ,п,р,о,и,з,в,о,д,и,т,е,л,ь,н,о,с,т,ь,., ,"
","
",З,а, ,п,о,с,л,е,д,н,и,е, ,г,о,д,ы, ,с, ,р,ы,н,к,а, ,A,n,d,r,o,i,d,-,п,л,а,н,ш,е,т,о,в, ,у,ш,л,о, ,м,н,о,ж,е,с,т,в,о, ,м,и,р,о,в,ы,х, ,б,р,е,н,д,о,в,:, ,S,o,n,y,",", ,M,o,t,o,r,o,l,a,",", ,A,c,e,r, ,и, ,д,р,у,г,и,е,., ,Э,к,с,п,е,р,т,ы, ,с,ч,и,т,а,ю,т,",", ,ч,т,о, ,A,S,U,S, ,с,т,а,л,а, ,л,и,ш,ь, ,о,ч,е,р,е,д,н,о,й, ,к,о,м,п,а,н,и,е,й, ,в, ,э,т,о,м, ,с,п,и,с,к,е,",", ,к,о,т,о,р,у,ю, ,в, ,б,л,и,ж,а,й,ш,е,е, ,в,р,е,м,я,",", ,в,е,р,о,я,т,н,е,е, ,в,с,е,г,о,",", ,ж,д,е,т, ,о,ч,е,р,е,д,н,о,е, ,п,о,п,о,л,н,е,н,и,е,., ,О,н,и, ,у,в,е,р,е,н,ы,",", ,ч,т,о, ,п,о,я,в,л,е,н,и,е, ,н,а, ,р,ы,н,к,е, ,с,м,а,р,т,ф,о,н,о,в, ,с, ,б,о,л,ь,ш,и,м, ,с,к,л,а,д,н,ы,м, ,э,к,р,а,н,о,м, ,е,щ,е, ,с,и,л,ь,н,е,е, ,у,м,е,н,ь,ш,и,т, ,с,п,р,о,с, ,н,а, ,п,л,а,н,ш,е,т,ы,.,"
"
